date,TrafficCount (#) 
1/20/20 0:00,487
1/20/20 0:30,385
1/20/20 1:30,269
1/20/20 2:30,517
1/20/20 3:30,129
1/20/20 4:30,278
1/20/20 5:30,435
1/20/20 6:30,277
1/20/20 7:30,1082
1/20/20 8:30,3432
1/20/20 9:30,7446
1/20/20 10:30,10434
1/20/20 11:30,11825
1/20/20 12:30,8564
1/20/20 13:30,11594
1/20/20 14:30,10035
1/20/20 15:30,7657
1/20/20 16:30,6183
1/20/20 17:30,4876
1/20/20 18:30,4049
1/20/20 19:30,2338
1/20/20 20:30,1160
1/20/20 21:30,1398
1/20/20 22:30,633
1/20/20 23:30,263
1/21/20 0:30,261
1/21/20 1:30,256
1/21/20 2:30,281
1/21/20 3:30,338
1/21/20 4:30,263
1/21/20 5:30,617
1/21/20 6:30,557
1/21/20 7:30,2673
1/21/20 8:30,8002
1/21/20 9:30,16128
1/21/20 10:30,24905
1/21/20 11:30,34959
1/21/20 12:30,28782
1/21/20 13:30,30171
1/21/20 14:30,27725
1/21/20 15:30,24082
1/21/20 16:30,19487
1/21/20 17:30,16054
1/21/20 18:30,12194
1/21/20 19:30,9077
1/21/20 20:30,4919
1/21/20 21:30,3826
1/21/20 22:30,1087
1/21/20 23:30,877
1/22/20 0:30,381
1/22/20 1:30,209
1/22/20 2:30,196
1/22/20 3:30,365
1/22/20 4:30,300
1/22/20 5:30,278
1/22/20 6:30,824
1/22/20 7:30,3164
1/22/20 8:30,7674
1/22/20 9:30,16821
1/22/20 10:30,38016
1/22/20 11:30,52405
1/22/20 12:30,42522
1/22/20 13:30,47863
1/22/20 14:30,56875
1/22/20 15:30,55951
1/22/20 16:30,44857
1/22/20 17:30,33734
1/22/20 18:30,21005
1/22/20 19:30,13542
1/22/20 20:30,8156
1/22/20 21:30,5830
1/22/20 22:30,1108
1/22/20 23:30,465
1/23/20 0:30,700
1/23/20 1:30,657
1/23/20 2:30,291
1/23/20 3:30,271
1/23/20 4:30,137
1/23/20 5:30,705
1/23/20 6:30,711
1/23/20 7:30,4540
1/23/20 8:30,12331
1/23/20 9:30,27280
1/23/20 10:30,42804
1/23/20 11:30,70022
1/23/20 12:30,36496
1/23/20 13:30,40285
1/23/20 14:30,53660
1/23/20 15:30,38065
1/23/20 16:30,27922
1/23/20 17:30,20750
1/23/20 18:30,18226
1/23/20 19:30,15738
1/23/20 20:30,10311
1/23/20 21:30,4085
1/23/20 22:30,2290
1/23/20 23:30,1650
1/24/20 0:30,1452
1/24/20 1:30,1550
1/24/20 2:30,614
1/24/20 3:30,480
1/24/20 4:30,790
1/24/20 5:30,1296
1/24/20 6:30,1673
1/24/20 7:30,3989
1/24/20 8:30,10633
1/24/20 9:30,28351
1/24/20 10:30,45847
1/24/20 11:30,50883
1/24/20 12:30,16492
1/24/20 13:30,13566
1/24/20 14:30,14750
1/24/20 15:30,12137
1/24/20 16:30,10018
1/24/20 17:30,8721
1/24/20 18:30,7211
1/24/20 19:30,4098
1/24/20 20:30,2157
1/24/20 21:30,1179
1/24/20 22:30,957
1/24/20 23:30,735
1/25/20 0:30,273
1/25/20 1:30,75
1/25/20 2:30,193
1/25/20 3:30,26
1/25/20 4:30,53
1/25/20 5:30,156
1/25/20 6:30,98
1/25/20 7:30,291
1/25/20 8:30,292
1/25/20 9:30,1020
1/25/20 10:30,1155
1/25/20 11:30,1348
1/25/20 12:30,1484
1/25/20 13:30,770
1/25/20 14:30,1052
1/25/20 15:30,990
1/25/20 16:30,730
1/25/20 17:30,1105
1/25/20 18:30,983
1/25/20 19:30,645
1/25/20 20:30,1038
1/25/20 21:30,1163
1/25/20 22:30,78
1/25/20 23:30,212
1/26/20 0:30,40
1/26/20 1:30,24
1/26/20 2:30,22
1/26/20 3:30,74
1/26/20 4:30,26
1/26/20 5:30,186
1/26/20 6:30,42
1/26/20 7:30,159
1/26/20 8:30,38
1/26/20 9:30,137
1/26/20 10:30,283
1/26/20 11:30,174
1/26/20 12:30,279
1/26/20 13:30,106
1/26/20 14:30,281
1/26/20 15:30,220
1/26/20 16:30,247
1/26/20 17:30,273
1/26/20 18:30,312
1/26/20 19:30,378
1/26/20 20:30,391
1/26/20 21:30,585
1/26/20 22:30,1092
1/26/20 23:30,591
1/27/20 0:00,591
1/27/20 0:30,177
1/27/20 1:30,54
1/27/20 2:30,630
1/27/20 3:30,104
1/27/20 4:30,229
1/27/20 5:30,604
1/27/20 6:30,459
1/27/20 7:30,1201
1/27/20 8:30,4929
1/27/20 9:30,10575
1/27/20 10:30,19226
1/27/20 11:30,22354
1/27/20 12:30,12963
1/27/20 13:30,18882
1/27/20 14:30,18978
1/27/20 15:30,14500
1/27/20 16:30,12747
1/27/20 17:30,8000
1/27/20 18:30,5748
1/27/20 19:30,3864
1/27/20 20:30,2333
1/27/20 21:30,1671
1/27/20 22:30,1062
1/27/20 23:30,730
1/28/20 0:30,287
1/28/20 1:30,586
1/28/20 2:30,259
1/28/20 3:30,100
1/28/20 4:30,42
1/28/20 5:30,416
1/28/20 6:30,508
1/28/20 7:30,3715
1/28/20 8:30,11569
1/28/20 9:30,32812
1/28/20 10:30,57912
1/28/20 11:30,57920
1/28/20 12:30,36753
1/28/20 13:30,36332
1/28/20 14:30,67709
1/28/20 15:30,53326
1/28/20 16:30,28977
1/28/20 17:30,21362
1/28/20 18:30,13204
1/28/20 19:30,7271
1/28/20 20:30,5412
1/28/20 21:30,3366
1/28/20 22:30,2418
1/28/20 23:30,1598
1/29/20 0:30,751
1/29/20 1:30,301
1/29/20 2:30,400
1/29/20 3:30,263
1/29/20 4:30,640
1/29/20 5:30,789
1/29/20 6:30,902
1/29/20 7:30,3080
1/29/20 8:30,7548
1/29/20 9:30,16324
1/29/20 10:30,27762
1/29/20 11:30,37382
1/29/20 12:30,28917
1/29/20 13:30,33851
1/29/20 14:30,39130
1/29/20 15:30,30129
1/29/20 16:30,28605
1/29/20 17:30,21211
1/29/20 18:30,14628
1/29/20 19:30,7809
1/29/20 20:30,5129
1/29/20 21:30,5841
1/29/20 22:30,2739
1/29/20 23:30,1168
1/30/20 0:30,544
1/30/20 1:30,651
1/30/20 2:30,339
1/30/20 3:30,232
1/30/20 4:30,317
1/30/20 5:30,815
1/30/20 6:30,358
1/30/20 7:30,1100
1/30/20 8:30,3025
1/30/20 9:30,6309
1/30/20 10:30,11269
1/30/20 11:30,12526
1/30/20 12:30,9999
1/30/20 13:30,10471
1/30/20 14:30,13108
1/30/20 15:30,9376
1/30/20 16:30,8639
1/30/20 17:30,5820
1/30/20 18:30,3393
1/30/20 19:30,8998
1/30/20 20:30,5970
1/30/20 21:30,4107
1/30/20 22:30,3923
1/30/20 23:30,2472
1/31/20 0:30,1161
1/31/20 1:30,645
1/31/20 2:30,831
1/31/20 3:30,556
1/31/20 4:30,1427
1/31/20 5:30,1051
1/31/20 6:30,864
1/31/20 7:30,4353
1/31/20 8:30,10232
1/31/20 9:30,21852
1/31/20 10:30,37863
1/31/20 11:30,36079
1/31/20 12:30,24861
1/31/20 13:30,28332
1/31/20 14:30,32294
1/31/20 15:30,23005
1/31/20 16:30,21279
1/31/20 17:30,13542
1/31/20 18:30,9496
1/31/20 19:30,6625
1/31/20 20:30,3396
1/31/20 21:30,1684
1/31/20 22:30,559
1/31/20 23:30,429
2/1/20 0:30,286
2/1/20 1:30,221
2/1/20 2:30,236
2/1/20 3:30,149
2/1/20 4:30,56
2/1/20 5:30,211
2/1/20 6:30,259
2/1/20 7:30,212
2/1/20 8:30,237
2/1/20 9:30,373
2/1/20 10:30,544
2/1/20 11:30,308
2/1/20 12:30,539
2/1/20 13:30,506
2/1/20 14:30,364
2/1/20 15:30,449
2/1/20 16:30,505
2/1/20 17:30,996
2/1/20 18:30,795
2/1/20 19:30,1231
2/1/20 20:30,555
2/1/20 21:30,980
2/1/20 22:30,830
2/1/20 23:30,592
2/2/20 0:30,433
2/2/20 1:30,298
2/2/20 2:30,369
2/2/20 3:30,83
2/2/20 4:30,72
2/2/20 5:30,393
2/2/20 6:30,248
2/2/20 7:30,158
2/2/20 8:30,262
2/2/20 9:30,169
2/2/20 10:30,267
2/2/20 11:30,371
2/2/20 12:30,175
2/2/20 13:30,343
2/2/20 14:30,345
2/2/20 15:30,264
2/2/20 16:30,384
2/2/20 17:30,373
2/2/20 18:30,794
2/2/20 19:30,394
2/2/20 20:30,453
2/2/20 21:30,519
2/2/20 22:30,351
2/2/20 23:30,226
2/3/20 0:00,226
2/3/20 0:30,253
2/3/20 1:30,430
2/3/20 2:30,320
2/3/20 3:30,61
2/3/20 4:30,170
2/3/20 5:30,410
2/3/20 6:30,1715
2/3/20 7:30,7151
2/3/20 8:30,23007
2/3/20 9:30,38202
2/3/20 10:30,48400
2/3/20 11:30,51732
2/3/20 12:30,49840
2/3/20 13:30,48296
2/3/20 14:30,51504
2/3/20 15:30,47353
2/3/20 16:30,29297
2/3/20 17:30,20724
2/3/20 18:30,15797
2/3/20 19:30,9279
2/3/20 20:30,5940
2/3/20 21:30,5182
2/3/20 22:30,8270
2/3/20 23:30,2491
2/4/20 0:30,1271
2/4/20 1:30,1365
2/4/20 2:30,1124
2/4/20 3:30,696
2/4/20 4:30,744
2/4/20 5:30,1413
2/4/20 6:30,673
2/4/20 7:30,1680
2/4/20 8:30,4392
2/4/20 9:30,7610
2/4/20 10:30,9712
2/4/20 11:30,12749
2/4/20 12:30,10195
2/4/20 13:30,27878
2/4/20 14:30,9606
2/4/20 15:30,7756
2/4/20 16:30,13059
2/4/20 17:30,35759
2/4/20 18:30,21837
2/4/20 19:30,8549
2/4/20 20:30,5839
2/4/20 21:30,4069
2/4/20 22:30,3326
2/4/20 23:30,2052
2/5/20 0:30,1567
2/5/20 1:30,1202
2/5/20 2:30,970
2/5/20 3:30,744
2/5/20 4:30,1383
2/5/20 5:30,1602
2/5/20 6:30,1746
2/5/20 7:30,3531
2/5/20 8:30,8311
2/5/20 9:30,16081
2/5/20 10:30,22185
2/5/20 11:30,24878
2/5/20 12:30,20172
2/5/20 13:30,25485
2/5/20 14:30,26411
2/5/20 15:30,19250
2/5/20 16:30,16733
2/5/20 17:30,12314
2/5/20 18:30,9963
2/5/20 19:30,6966
2/5/20 20:30,3710
2/5/20 21:30,3843
2/5/20 22:30,2304
2/5/20 23:30,1417
2/6/20 0:30,805
2/6/20 1:30,837
2/6/20 2:30,592
2/6/20 3:30,265
2/6/20 4:30,459
2/6/20 5:30,880
2/6/20 6:30,759
2/6/20 7:30,1487
2/6/20 8:30,2774
2/6/20 9:30,15006
2/6/20 10:30,24557
2/6/20 11:30,29829
2/6/20 12:30,18428
2/6/20 13:30,23289
2/6/20 14:30,19632
2/6/20 15:30,18010
2/6/20 16:30,17511
2/6/20 17:30,11610
2/6/20 18:30,9278
2/6/20 19:30,7340
2/6/20 20:30,5159
2/6/20 21:30,3923
2/6/20 22:30,3278
2/6/20 23:30,1712
2/7/20 0:30,1145
2/7/20 1:30,766
2/7/20 2:30,624
2/7/20 3:30,222
2/7/20 4:30,550
2/7/20 5:30,989
2/7/20 6:30,237
2/7/20 7:30,1108
2/7/20 8:30,2775
2/7/20 9:30,5266
2/7/20 10:30,8440
2/7/20 11:30,8609
2/7/20 12:30,6354
2/7/20 13:30,7740
2/7/20 14:30,7164
2/7/20 15:30,6417
2/7/20 16:30,8930
2/7/20 17:30,15459
2/7/20 18:30,12116
2/7/20 19:30,7107
2/7/20 20:30,5652
2/7/20 21:30,2546
2/7/20 22:30,1845
2/7/20 23:30,1453
2/8/20 0:30,643
2/8/20 1:30,613
2/8/20 2:30,446
2/8/20 3:30,393
2/8/20 4:30,259
2/8/20 5:30,352
2/8/20 6:30,104
2/8/20 7:30,330
2/8/20 8:30,144
2/8/20 11:30,517
2/8/20 12:30,669
2/8/20 13:30,1126
2/8/20 14:30,869
2/8/20 15:30,95
2/8/20 16:30,108
2/8/20 17:30,149
2/8/20 18:30,162
2/8/20 19:30,46
2/8/20 20:30,94
2/8/20 21:30,255
2/8/20 22:30,132
2/8/20 23:30,42
2/9/20 0:30,54
2/9/20 1:30,40
2/9/20 2:30,38
2/9/20 3:30,45
2/9/20 4:30,36
2/9/20 5:30,68
2/9/20 6:30,64
2/9/20 7:30,42
2/9/20 8:30,69
2/9/20 9:30,197
2/9/20 10:30,146
2/9/20 11:30,178
2/9/20 12:30,120
2/9/20 13:30,88
2/9/20 14:30,280
2/9/20 15:30,316
2/9/20 16:30,156
2/9/20 17:30,306
2/9/20 18:30,263
2/9/20 19:30,190
2/9/20 20:30,213
2/9/20 21:30,229
2/9/20 22:30,158
2/9/20 23:30,229
2/10/20 0:00,229
2/10/20 0:30,67
2/10/20 1:30,66
2/10/20 2:30,40
2/10/20 3:30,36
2/10/20 4:30,63
2/10/20 5:30,167
2/10/20 6:30,267
2/10/20 7:30,1666
2/10/20 8:30,4383
2/10/20 9:30,8880
2/10/20 10:30,44896
2/10/20 11:30,33526
2/10/20 12:30,40144
2/10/20 13:30,35229
2/10/20 14:30,33390
2/10/20 15:30,30389
2/10/20 16:30,25612
2/10/20 17:30,18694
2/10/20 18:30,16204
2/10/20 19:30,9789
2/10/20 20:30,6629
2/10/20 21:30,4251
2/10/20 22:30,2469
2/10/20 23:30,1479
2/11/20 0:30,1330
2/11/20 1:30,567
2/11/20 2:30,408
2/11/20 3:30,437
2/11/20 4:30,315
2/11/20 5:30,1113
2/11/20 6:30,989
2/11/20 7:30,3260
2/11/20 8:30,9541
2/11/20 9:30,28225
2/11/20 10:30,40137
2/11/20 11:30,45319
2/11/20 12:30,31519
2/11/20 13:30,30071
2/11/20 14:30,32002
2/11/20 15:30,26354
2/11/20 16:30,21767
2/11/20 17:30,16655
2/11/20 18:30,12779
2/11/20 19:30,6892
2/11/20 20:30,4791
2/11/20 21:30,3779
2/11/20 22:30,2827
2/11/20 23:30,1251
2/12/20 0:30,601
2/12/20 1:30,585
2/12/20 2:30,412
2/12/20 3:30,587
2/12/20 4:30,569
2/12/20 5:30,900
2/12/20 6:30,965
2/12/20 7:30,2969
2/12/20 8:30,7874
2/12/20 9:30,19646
2/12/20 10:30,36499
2/12/20 11:30,38630
2/12/20 12:30,26616
2/12/20 13:30,26379
2/12/20 14:30,26420
2/12/20 15:30,23984
2/12/20 16:30,16922
2/12/20 17:30,15365
2/12/20 18:30,11737
2/12/20 19:30,7619
2/12/20 20:30,3689
2/12/20 21:30,3209
2/12/20 22:30,2145
2/12/20 23:30,1127
2/13/20 0:30,829
2/13/20 1:30,596
2/13/20 2:30,344
2/13/20 3:30,290
2/13/20 4:30,627
2/13/20 5:30,705
2/13/20 6:30,1651
2/13/20 7:30,3400
2/13/20 8:30,9702
2/13/20 9:30,18802
2/13/20 10:30,29829
2/13/20 11:30,32888
2/13/20 12:30,25512
2/13/20 13:30,25872
2/13/20 14:30,25746
2/13/20 15:30,22013
2/13/20 16:30,17386
2/13/20 17:30,13501
2/13/20 18:30,10306
2/13/20 19:30,6886
2/13/20 20:30,4488
2/13/20 21:30,3426
2/13/20 22:30,1783
2/13/20 23:30,1204
2/14/20 0:30,991
2/14/20 1:30,373
2/14/20 2:30,380
2/14/20 3:30,246
2/14/20 4:30,268
2/14/20 5:30,810
2/14/20 6:30,1169
2/14/20 7:30,2828
2/14/20 8:30,9048
2/14/20 9:30,19159
2/14/20 10:30,23952
2/14/20 11:30,30483
2/14/20 12:30,25359
2/14/20 13:30,31436
2/14/20 14:30,29697
2/14/20 15:30,24345
2/14/20 16:30,22036
2/14/20 17:30,17355
2/14/20 18:30,12523
2/14/20 19:30,7186
2/14/20 20:30,4457
2/14/20 21:30,3422
2/14/20 22:30,2097
2/14/20 23:30,1154
2/15/20 0:30,539
2/15/20 1:30,298
2/15/20 2:30,429
2/15/20 3:30,201
2/15/20 4:30,448
2/15/20 5:30,574
2/15/20 6:30,443
2/15/20 7:30,335
2/15/20 8:30,831
2/15/20 9:30,1139
2/15/20 10:30,854
2/15/20 11:30,810
2/15/20 12:30,819
2/15/20 13:30,960
2/15/20 14:30,929
2/15/20 15:30,702
2/15/20 16:30,775
2/15/20 17:30,700
2/15/20 18:30,1191
2/15/20 19:30,866
2/15/20 20:30,486
2/15/20 21:30,440
2/15/20 22:30,645
2/15/20 23:30,346
2/16/20 0:30,217
2/16/20 1:30,55
2/16/20 2:30,283
2/16/20 3:30,88
2/16/20 4:30,101
2/16/20 5:30,171
2/16/20 6:30,88
2/16/20 7:30,348
2/16/20 8:30,897
2/16/20 9:30,776
2/16/20 10:30,981
2/16/20 11:30,904
2/16/20 12:30,1223
2/16/20 13:30,1037
2/16/20 14:30,992
2/16/20 15:30,909
2/16/20 16:30,1527
2/16/20 17:30,1137
2/17/20 9:30,3617
2/17/20 10:30,13520
2/17/20 11:30,15044
2/17/20 12:30,10907
2/17/20 13:30,11561
2/17/20 14:30,16620
2/17/20 15:30,12419
2/17/20 16:30,7707
2/17/20 17:30,6606
2/17/20 18:30,4874
2/17/20 19:30,3115
2/17/20 20:30,1668
2/17/20 21:30,819
2/17/20 22:30,3152
2/17/20 23:30,1982
2/18/20 0:30,708
2/18/20 1:30,561
2/18/20 2:30,345
2/18/20 3:30,247
2/18/20 4:30,366
2/18/20 5:30,478
2/18/20 6:30,997
2/18/20 7:30,3778
2/18/20 8:30,10252
2/18/20 9:30,18227
2/18/20 10:30,32822
2/18/20 11:30,43705
2/18/20 12:30,27778
2/18/20 13:30,30905
2/18/20 14:30,31418
2/18/20 15:30,25820
2/18/20 16:30,24414
2/18/20 17:30,19752
2/18/20 18:30,15151
2/18/20 19:30,9358
2/18/20 20:30,7094
2/18/20 21:30,4557
2/18/20 22:30,3323
2/18/20 23:30,1479
2/19/20 0:30,910
2/19/20 1:30,607
2/19/20 2:30,402
2/19/20 3:30,370
2/19/20 4:30,436
2/19/20 5:30,446
2/19/20 6:30,1358
2/19/20 7:30,3053
2/19/20 8:30,8466
2/19/20 9:30,18943
2/19/20 10:30,27345
2/19/20 11:30,30707
2/19/20 12:30,24932
2/19/20 13:30,26665
2/19/20 14:30,32337
2/19/20 15:30,25782
2/19/20 16:30,23083
2/19/20 17:30,18466
2/19/20 18:30,14514
2/19/20 19:30,8659
2/19/20 20:30,4547
2/19/20 21:30,3565
2/19/20 22:30,2925
2/19/20 23:30,971
2/20/20 0:30,840
2/20/20 1:30,437
2/20/20 2:30,562
2/20/20 3:30,169
2/20/20 4:30,283
2/20/20 5:30,659
2/20/20 6:30,1954
2/20/20 7:30,3579
2/20/20 8:30,8477
2/20/20 9:30,17352
2/20/20 10:30,25799
2/20/20 11:30,28764
2/20/20 12:30,23460
2/20/20 13:30,26226
2/20/20 14:30,32851
2/20/20 15:30,22919
2/20/20 16:30,20978
2/20/20 17:30,17519
2/20/20 18:30,15122
2/20/20 19:30,8464
2/20/20 20:30,4365
2/20/20 21:30,3121
2/20/20 22:30,3057
2/20/20 23:30,1086
2/21/20 0:30,984
2/21/20 1:30,488
2/21/20 2:30,630
2/21/20 3:30,349
2/21/20 4:30,239
2/21/20 5:30,742
2/21/20 6:30,727
2/21/20 7:30,1954
2/21/20 8:30,5123
2/21/20 9:30,10251
2/21/20 10:30,17411
2/21/20 11:30,22033
2/21/20 12:30,14882
2/21/20 13:30,19052
2/21/20 14:30,19697
2/21/20 15:30,13278
2/21/20 16:30,12998
2/21/20 17:30,9789
2/21/20 18:30,7537
2/21/20 19:30,4938
2/21/20 20:30,2958
2/21/20 21:30,1893
2/21/20 22:30,1479
2/21/20 23:30,1167
2/22/20 0:30,434
2/22/20 1:30,351
2/22/20 2:30,367
2/22/20 3:30,306
2/22/20 4:30,178
2/22/20 5:30,476
2/22/20 6:30,293
2/22/20 7:30,244
2/22/20 8:30,333
2/22/20 9:30,1025
2/22/20 10:30,932
2/22/20 11:30,1349
2/22/20 12:30,910
2/22/20 13:30,1084
2/22/20 14:30,1620
2/22/20 15:30,494
2/22/20 16:30,435
2/22/20 17:30,545
2/22/20 18:30,1017
2/22/20 19:30,922
2/22/20 20:30,587
2/22/20 21:30,499
2/22/20 22:30,926
2/22/20 23:30,319
2/23/20 0:30,163
2/23/20 1:30,78
2/23/20 2:30,193
2/23/20 3:30,221
2/23/20 4:30,99
2/23/20 5:30,226
2/23/20 6:30,295
2/23/20 7:30,699
2/23/20 8:30,712
2/23/20 9:30,819
2/23/20 10:30,719
2/23/20 11:30,745
2/23/20 12:30,1392
2/23/20 13:30,1136
2/23/20 14:30,761
2/23/20 15:30,700
2/23/20 16:30,1331
2/23/20 17:30,922
2/23/20 18:30,1266
2/23/20 19:30,910
2/23/20 20:30,660
2/23/20 21:30,932
2/23/20 22:30,1184
2/23/20 23:30,642
2/24/20 0:00,642
2/24/20 0:30,325
2/24/20 1:30,263
2/24/20 2:30,311
2/24/20 3:30,46
2/24/20 4:30,218
2/24/20 5:30,272
2/24/20 6:30,810
2/24/20 7:30,3635
2/24/20 8:30,12011
2/24/20 9:30,22820
2/24/20 10:30,57992
2/24/20 11:30,67896
2/24/20 12:30,50516
2/24/20 13:30,70855
2/24/20 14:30,32219
2/24/20 15:30,28958
2/24/20 16:30,22753
2/24/20 17:30,21861
2/24/20 18:30,15405
2/24/20 19:30,8610
2/24/20 20:30,4654
2/24/20 21:30,2965
2/24/20 22:30,2500
2/24/20 23:30,1429
2/25/20 0:30,827
2/25/20 1:30,769
2/25/20 2:30,449
2/25/20 3:30,518
2/25/20 4:30,527
2/25/20 5:30,579
2/25/20 6:30,1383
2/25/20 7:30,3374
2/25/20 8:30,8042
2/25/20 9:30,16211
2/25/20 10:30,37402
2/25/20 11:30,38482
2/25/20 12:30,27775
2/25/20 13:30,30354
2/25/20 14:30,33301
2/25/20 15:30,29821
2/25/20 16:30,21450
2/25/20 17:30,18107
2/25/20 18:30,14117
2/25/20 19:30,7047
2/25/20 20:30,4697
2/25/20 21:30,4657
2/25/20 22:30,2346
2/25/20 23:30,1918
2/26/20 0:30,1420
2/26/20 1:30,1072
2/26/20 2:30,447
2/26/20 3:30,299
2/26/20 4:30,275
2/26/20 5:30,843
2/26/20 6:30,1320
2/26/20 7:30,2677
2/26/20 8:30,8602
2/26/20 9:30,19828
2/26/20 10:30,29828
2/26/20 11:30,32634
2/26/20 12:30,21054
2/26/20 13:30,21289
2/26/20 14:30,27067
2/26/20 15:30,22118
2/26/20 16:30,17929
2/26/20 17:30,14372
2/26/20 18:30,12809
2/26/20 19:30,6597
2/26/20 20:30,3383
2/26/20 21:30,3237
2/26/20 22:30,2370
2/26/20 23:30,1634
2/27/20 0:30,622
2/27/20 1:30,344
2/27/20 2:30,305
2/27/20 3:30,566
2/27/20 4:30,934
2/27/20 5:30,471
2/27/20 6:30,2085
2/27/20 7:30,3176
2/27/20 8:30,9496
2/27/20 9:30,15793
2/27/20 10:30,23453
2/27/20 11:30,28046
2/27/20 12:30,19671
2/27/20 13:30,20400
2/27/20 14:30,22142
2/27/20 15:30,19728
2/27/20 16:30,18746
2/27/20 17:30,13177
2/27/20 18:30,8943
2/27/20 19:30,6717
2/27/20 20:30,3900
2/27/20 21:30,3520
2/27/20 22:30,2697
2/27/20 23:30,1807
2/28/20 0:30,934
2/28/20 1:30,321
2/28/20 2:30,293
2/28/20 3:30,487
2/28/20 4:30,418
2/28/20 5:30,841
2/28/20 6:30,789
2/28/20 7:30,2454
2/28/20 8:30,6578
2/28/20 9:30,13957
2/28/20 10:30,28640
2/28/20 11:30,28914
2/28/20 12:30,18235
2/28/20 13:30,22019
2/28/20 14:30,25837
2/28/20 15:30,19344
2/28/20 16:30,13155
2/28/20 17:30,6743
2/28/20 18:30,5474
2/28/20 19:30,3411
2/28/20 20:30,2833
2/28/20 21:30,1755
2/28/20 22:30,1400
2/28/20 23:30,483
2/29/20 0:30,719
2/29/20 1:30,266
2/29/20 2:30,218
2/29/20 3:30,127
2/29/20 4:30,184
2/29/20 5:30,190
2/29/20 6:30,216
2/29/20 7:30,316
2/29/20 8:30,369
2/29/20 9:30,387
2/29/20 10:30,412
2/29/20 11:30,692
2/29/20 12:30,681
2/29/20 13:30,355
2/29/20 14:30,505
2/29/20 15:30,444
2/29/20 16:30,353
2/29/20 17:30,324
2/29/20 18:30,181
2/29/20 19:30,482
2/29/20 20:30,323
2/29/20 21:30,259
2/29/20 22:30,228
2/29/20 23:30,510
3/1/20 0:30,392
3/1/20 1:30,271
3/1/20 2:30,100
3/1/20 3:30,59
3/1/20 4:30,221
3/1/20 5:30,525
3/1/20 6:30,359
3/1/20 7:30,334
3/1/20 8:30,454
3/1/20 9:30,350
3/1/20 10:30,641
3/1/20 11:30,556
3/1/20 12:30,428
3/1/20 13:30,639
3/1/20 14:30,484
3/1/20 15:30,1064
3/1/20 16:30,713
3/1/20 17:30,698
3/1/20 18:30,838
3/1/20 19:30,949
3/1/20 20:30,1390
3/1/20 21:30,1437
3/1/20 22:30,1459
3/1/20 23:30,903
3/2/20 0:00,903
3/2/20 0:30,221
3/2/20 1:30,327
3/2/20 2:30,333
3/2/20 3:30,313
3/2/20 4:30,194
3/2/20 5:30,959
3/2/20 6:30,1609
3/2/20 7:30,4020
3/2/20 8:30,12791
3/2/20 9:30,24153
3/2/20 10:30,32920
3/2/20 11:30,35493
3/2/20 12:30,26225
3/2/20 13:30,31551
3/2/20 14:30,27741
3/2/20 15:30,22277
3/2/20 16:30,19281
3/2/20 17:30,16745
3/2/20 18:30,13408
3/2/20 19:30,9460
3/2/20 20:30,5719
3/2/20 21:30,4035
3/2/20 22:30,2763
3/2/20 23:30,1446
3/3/20 0:30,1338
3/3/20 1:30,1247
3/3/20 2:30,796
3/3/20 3:30,507
3/3/20 4:30,798
3/3/20 5:30,1021
3/3/20 6:30,1212
3/3/20 7:30,2866
3/3/20 8:30,8019
3/3/20 9:30,16602
3/3/20 10:30,24021
3/3/20 11:30,28298
3/3/20 12:30,22922
3/3/20 13:30,22627
3/3/20 14:30,26202
3/3/20 15:30,20187
3/3/20 16:30,17155
3/3/20 17:30,14517
3/3/20 18:30,12880
3/3/20 19:30,7779
3/3/20 20:30,5107
3/3/20 21:30,4264
3/3/20 22:30,3695
3/3/20 23:30,2087
3/4/20 0:30,1900
3/4/20 1:30,1950
3/4/20 2:30,1189
3/4/20 3:30,1063
3/4/20 4:30,1318
3/4/20 5:30,1638
3/4/20 6:30,1646
3/4/20 7:30,3210
3/4/20 8:30,9312
3/4/20 9:30,15894
3/4/20 10:30,22895
3/4/20 11:30,22906
3/4/20 12:30,20606
3/4/20 13:30,23943
3/4/20 14:30,28616
3/4/20 15:30,22372
3/4/20 16:30,37140
3/4/20 17:30,66415
3/4/20 18:30,39952
3/4/20 19:30,7832
3/4/20 20:30,5219
3/4/20 21:30,5143
3/4/20 22:30,2628
3/4/20 23:30,2492
3/5/20 0:30,1531
3/5/20 1:30,1750
3/5/20 2:30,1793
3/5/20 3:30,623
3/5/20 4:30,1005
3/5/20 5:30,1346
3/5/20 6:30,1505
3/5/20 7:30,3387
3/5/20 8:30,11017
3/5/20 9:30,18754
3/5/20 10:30,25961
3/5/20 11:30,32046
3/5/20 12:30,21991
3/5/20 13:30,24291
3/5/20 14:30,26601
3/5/20 15:30,19471
3/5/20 16:30,18871
3/5/20 17:30,14356
3/5/20 18:30,11855
3/5/20 19:30,7413
3/5/20 20:30,6386
3/5/20 21:30,4133
3/5/20 22:30,3677
3/5/20 23:30,2164
3/6/20 0:30,1421
3/6/20 1:30,581
3/6/20 2:30,738
3/6/20 3:30,646
3/6/20 4:30,529
3/6/20 5:30,1289
3/6/20 6:30,1816
3/6/20 7:30,4848
3/6/20 8:30,10872
3/6/20 9:30,17948
3/6/20 10:30,32237
3/6/20 11:30,35087
3/6/20 12:30,22894
3/6/20 13:30,32960
3/6/20 14:30,37812
3/6/20 15:30,31160
3/6/20 16:30,27808
3/6/20 17:30,20335
3/6/20 18:30,14611
3/6/20 19:30,10459
3/6/20 20:30,5589
3/6/20 21:30,4760
3/6/20 22:30,2978
3/6/20 23:30,1892
3/7/20 0:30,1872
3/7/20 1:30,1347
3/7/20 2:30,1126
3/7/20 3:30,806
3/7/20 4:30,594
3/7/20 5:30,683
3/7/20 6:30,955
3/7/20 7:30,988
3/7/20 8:30,1547
3/7/20 9:30,1549
3/7/20 10:30,1502
3/7/20 11:30,1593
3/7/20 12:30,1861
3/7/20 13:30,1307
3/7/20 14:30,1163
3/7/20 15:30,1237
3/7/20 16:30,1245
3/7/20 17:30,885
3/7/20 18:30,1095
3/7/20 19:30,661
3/7/20 20:30,720
3/7/20 21:30,713
3/7/20 22:30,502
3/7/20 23:30,824
3/8/20 0:30,556
3/8/20 1:30,447
3/8/20 2:30,147
3/8/20 3:30,200
3/8/20 4:30,251
3/8/20 5:30,407
3/8/20 6:30,294
3/8/20 7:30,306
3/8/20 8:30,497
3/8/20 9:30,929
3/8/20 10:30,725
3/8/20 11:30,782
3/8/20 12:30,354
3/8/20 13:30,803
3/8/20 14:30,1135
3/8/20 15:30,701
3/8/20 16:30,1607
3/8/20 17:30,1478
3/8/20 18:30,790
3/8/20 19:30,1171
3/8/20 20:30,1600
3/8/20 21:30,2097
3/8/20 22:30,1560
3/8/20 23:30,479
3/9/20 0:00,479
3/9/20 0:30,768
3/9/20 1:30,426
3/9/20 2:30,166
3/9/20 3:30,362
3/9/20 4:30,336
3/9/20 5:30,1110
3/9/20 6:30,2074
3/9/20 7:30,4372
3/9/20 8:30,14993
3/9/20 9:30,29169
3/9/20 10:30,44151
3/9/20 11:30,58747
3/9/20 12:30,40942
3/9/20 13:30,35389
3/9/20 14:30,32188
3/9/20 15:30,26018
3/9/20 16:30,27765
3/9/20 17:30,20000
3/9/20 18:30,13956
3/9/20 19:30,8746
3/9/20 20:30,5319
3/9/20 21:30,3187
3/9/20 22:30,2949
3/9/20 23:30,1483
3/10/20 0:30,1068
3/10/20 1:30,447
3/10/20 2:30,586
3/10/20 3:30,469
3/10/20 4:30,335
3/10/20 5:30,1025
3/10/20 6:30,993
3/10/20 7:30,2598
3/10/20 8:30,6496
3/10/20 9:30,9988
3/10/20 10:30,15011
3/10/20 11:30,15342
3/10/20 12:30,12343
3/10/20 13:30,12062
3/10/20 14:30,12934
3/10/20 15:30,10550
3/10/20 16:30,8496
3/10/20 17:30,6816
3/10/20 18:30,5233
3/10/20 19:30,3874
3/10/20 20:30,3035
3/10/20 21:30,2517
3/10/20 22:30,1407
3/10/20 23:30,907
3/11/20 0:30,773
3/11/20 1:30,565
3/11/20 2:30,416
3/11/20 3:30,249
3/11/20 4:30,321
3/11/20 5:30,874
3/11/20 6:30,1418
3/11/20 7:30,3660
3/11/20 8:30,10616
3/11/20 9:30,19776
3/11/20 10:30,31721
3/11/20 11:30,37448
3/11/20 12:30,25994
3/11/20 13:30,30821
3/11/20 14:30,27548
3/11/20 15:30,22621
3/11/20 16:30,25974
3/11/20 17:30,21216
3/11/20 18:30,14491
3/11/20 19:30,8051
3/11/20 20:30,4708
3/11/20 21:30,3911
3/11/20 22:30,2939
3/11/20 23:30,1709
3/12/20 0:30,965
3/12/20 1:30,519
3/12/20 2:30,987
3/12/20 3:30,421
3/12/20 4:30,308
3/12/20 5:30,910
3/12/20 6:30,1143
3/12/20 7:30,2856
3/12/20 8:30,1442
3/12/20 9:30,21351
3/12/20 10:30,36031
3/12/20 11:30,39335
3/12/20 12:30,43397
3/12/20 13:30,45140
3/12/20 14:30,31253
3/12/20 15:30,30973
3/12/20 16:30,27127
3/12/20 17:30,21572
3/12/20 18:30,18339
3/12/20 19:30,11321
3/12/20 20:30,6233
3/12/20 21:30,4484
3/12/20 22:30,3004
3/12/20 23:30,2051
3/13/20 0:30,917
3/13/20 1:30,652
3/13/20 2:30,425
3/13/20 3:30,335
3/13/20 4:30,379
3/13/20 5:30,461
3/13/20 6:30,1706
3/13/20 7:30,4740
3/13/20 8:30,12057
3/13/20 9:30,23898
3/13/20 10:30,39638
3/13/20 11:30,38801
3/13/20 12:30,28938
3/13/20 13:30,29822
3/13/20 14:30,31237
3/13/20 15:30,30014
3/13/20 16:30,25873
3/13/20 17:30,19518
3/13/20 18:30,16028
3/13/20 19:30,11390
3/13/20 20:30,6576
3/13/20 21:30,4686
3/13/20 22:30,2770
3/13/20 23:30,1335
3/14/20 0:30,679
3/14/20 1:30,622
3/14/20 2:30,424
3/14/20 3:30,444
3/14/20 4:30,348
3/14/20 5:30,463
3/14/20 6:30,494
3/14/20 7:30,710
3/14/20 8:30,1161
3/14/20 9:30,1393
3/14/20 10:30,1363
3/14/20 11:30,1824
3/14/20 12:30,1357
3/14/20 13:30,1483
3/14/20 14:30,1333
3/14/20 15:30,1561
3/14/20 16:30,1085
3/14/20 17:30,1569
3/14/20 18:30,1012
3/14/20 19:30,590
3/14/20 20:30,733
3/14/20 21:30,669
3/14/20 22:30,729
3/14/20 23:30,369
3/15/20 0:30,261
3/15/20 1:30,289
3/15/20 2:30,201
3/15/20 3:30,102
3/15/20 4:30,154
3/15/20 5:30,129
3/15/20 6:30,171
3/15/20 7:30,712
3/15/20 8:30,601
3/15/20 9:30,1314
3/15/20 10:30,810
3/15/20 11:30,964
3/15/20 12:30,1042
3/15/20 13:30,1344
3/15/20 14:30,1587
3/15/20 15:30,1718
3/15/20 16:30,1613
3/15/20 17:30,1131
3/15/20 18:30,1341
3/15/20 19:30,841
3/17/20 22:30,2899
3/17/20 23:30,987
3/18/20 0:30,1357
3/18/20 1:30,543
3/18/20 2:30,415
3/18/20 3:30,204
3/18/20 4:30,269
3/18/20 5:30,534
3/18/20 6:30,859
3/18/20 7:30,3420
3/18/20 8:30,10742
3/18/20 9:30,19445
3/18/20 10:30,26798
3/18/20 11:30,39088
3/18/20 12:30,31234
3/18/20 13:30,25503
3/18/20 14:30,23253
3/18/20 15:30,22987
3/18/20 16:30,19517
3/18/20 17:30,15856
3/18/20 18:30,19193
3/18/20 19:30,20977
3/18/20 20:30,9378
3/18/20 21:30,4778
3/18/20 22:30,4535
3/18/20 23:30,2481
3/19/20 0:30,1191
3/19/20 1:30,674
3/19/20 2:30,408
3/19/20 3:30,254
3/19/20 4:30,448
3/19/20 5:30,707
3/19/20 6:30,1178
3/19/20 7:30,3289
3/19/20 8:30,8250
3/19/20 9:30,16639
3/19/20 10:30,29475
3/19/20 11:30,44897
3/19/20 12:30,43432
3/19/20 13:30,30688
3/19/20 14:30,25987
3/19/20 15:30,20885
3/19/20 16:30,19575
3/19/20 17:30,16740
3/19/20 18:30,15511
3/19/20 19:30,11000
3/19/20 20:30,7560
3/19/20 21:30,6047
3/19/20 22:30,4509
3/19/20 23:30,2041
3/20/20 0:30,1450
3/20/20 1:30,733
3/20/20 2:30,462
3/20/20 3:30,138
3/20/20 4:30,334
3/20/20 5:30,955
3/20/20 6:30,1524
3/20/20 7:30,4759
3/20/20 8:30,11150
3/20/20 9:30,27329
3/20/20 10:30,35937
3/20/20 11:30,36806
3/20/20 12:30,26442
3/20/20 13:30,24379
3/20/20 14:30,29888
3/20/20 15:30,29098
3/20/20 16:30,25680
3/20/20 17:30,21904
3/20/20 18:30,17333
3/20/20 19:30,12026
3/20/20 20:30,7882
3/20/20 21:30,4187
3/20/20 22:30,3190
3/20/20 23:30,1622
3/21/20 0:30,810
3/21/20 1:30,832
3/21/20 2:30,699
3/21/20 3:30,303
3/21/20 4:30,279
3/21/20 5:30,480
3/21/20 6:30,387
3/21/20 7:30,540
3/21/20 8:30,932
3/21/20 9:30,1545
3/21/20 10:30,2116
3/21/20 11:30,2417
3/21/20 12:30,1980
3/21/20 13:30,1816
3/21/20 14:30,2104
3/21/20 15:30,2653
3/21/20 16:30,1643
3/21/20 17:30,1501
3/21/20 18:30,1654
3/21/20 19:30,1356
3/21/20 20:30,1406
3/21/20 21:30,1121
3/21/20 22:30,1449
3/21/20 23:30,815
3/22/20 0:30,191
3/22/20 1:30,122
3/22/20 2:30,168
3/22/20 3:30,66
3/22/20 4:30,82
3/22/20 5:30,70
3/22/20 6:30,199
3/22/20 7:30,1128
3/22/20 8:30,1044
3/22/20 9:30,1416
3/22/20 10:30,2230
3/22/20 11:30,2188
3/22/20 12:30,3130
3/22/20 13:30,1309
3/22/20 14:30,1725
3/22/20 15:30,1925
3/22/20 16:30,1309
3/22/20 17:30,2572
3/22/20 18:30,2206
3/22/20 19:30,3076
3/22/20 20:30,2079
3/22/20 21:30,2038
3/22/20 22:30,2194
3/22/20 23:30,1750
3/23/20 0:00,1750
3/23/20 0:30,861
3/23/20 1:30,607
3/23/20 2:30,43
3/23/20 3:30,142
3/23/20 4:30,269
3/23/20 5:30,706
3/23/20 6:30,2275
3/23/20 7:30,4930
3/23/20 8:30,15459
3/23/20 9:30,27934
3/23/20 10:30,33592
3/23/20 11:30,32651
3/23/20 12:30,31691
3/23/20 13:30,19544
3/23/20 14:30,27898
3/23/20 15:30,27535
3/23/20 16:30,22721
3/23/20 17:30,21229
3/23/20 18:30,15291
3/23/20 19:30,12236
3/23/20 20:30,7623
3/23/20 21:30,5929
3/23/20 22:30,3742
3/23/20 23:30,1531
3/24/20 0:30,1462
3/24/20 1:30,806
3/24/20 2:30,311
3/24/20 3:30,270
3/24/20 4:30,245
3/24/20 5:30,596
3/24/20 6:30,1461
3/24/20 7:30,3471
3/24/20 8:30,9593
3/24/20 9:30,22149
3/24/20 10:30,30571
3/24/20 11:30,30508
3/24/20 12:30,23310
3/24/20 13:30,21317
3/24/20 14:30,21843
3/24/20 15:30,33043
3/24/20 16:30,19201
3/24/20 17:30,13313
3/24/20 18:30,16533
3/24/20 19:30,9103
3/24/20 20:30,6809
3/24/20 21:30,5999
3/24/20 22:30,4673
3/24/20 23:30,2486
3/25/20 0:30,2066
3/25/20 1:30,853
3/25/20 2:30,275
3/25/20 3:30,173
3/25/20 4:30,326
3/25/20 5:30,398
3/25/20 6:30,1243
3/25/20 7:30,1576
3/25/20 8:30,2701
3/25/20 9:30,4674
3/25/20 10:30,8026
3/25/20 11:30,8184
3/25/20 12:30,7854
3/25/20 13:30,7023
3/25/20 14:30,8121
3/25/20 15:30,7881
3/25/20 16:30,7016
3/25/20 17:30,5755
3/25/20 18:30,6303
3/25/20 19:30,4606
3/25/20 20:30,4796
3/25/20 21:30,3643
3/25/20 22:30,3305
3/25/20 23:30,1204
3/26/20 0:30,904
3/26/20 1:30,697
3/26/20 2:30,234
3/26/20 3:30,126
3/26/20 4:30,318
3/26/20 5:30,457
3/26/20 6:30,930
3/26/20 7:30,3383
3/26/20 8:30,12443
3/26/20 9:30,23001
3/26/20 10:30,36445
3/26/20 11:30,35722
3/26/20 12:30,28641
3/26/20 13:30,20600
3/26/20 14:30,23239
3/26/20 15:30,21242
3/26/20 16:30,31738
3/26/20 17:30,18223
3/26/20 18:30,16794
3/26/20 19:30,11800
3/26/20 20:30,45328
3/26/20 21:30,71925
3/26/20 22:30,27066
3/26/20 23:30,2218
3/27/20 0:30,731
3/27/20 1:30,753
3/27/20 2:30,469
3/27/20 3:30,203
3/27/20 4:30,221
3/27/20 5:30,522
3/27/20 6:30,1326
3/27/20 7:30,3045
3/27/20 8:30,8697
3/27/20 9:30,17413
3/27/20 10:30,26461
3/27/20 11:30,27261
3/27/20 12:30,22972
3/27/20 13:30,17923
3/27/20 14:30,21636
3/27/20 15:30,20036
3/27/20 16:30,16867
3/27/20 17:30,15984
3/27/20 18:30,14059
3/27/20 19:30,9762
3/27/20 20:30,6876
3/27/20 21:30,4484
3/27/20 22:30,3123
3/27/20 23:30,2196
3/28/20 0:30,1204
3/28/20 1:30,577
3/28/20 2:30,286
3/28/20 3:30,111
3/28/20 4:30,234
3/28/20 5:30,278
3/28/20 6:30,429
3/28/20 7:30,438
3/28/20 8:30,697
3/28/20 9:30,1700
3/28/20 10:30,3726
3/28/20 11:30,2680
3/28/20 12:30,2331
3/28/20 13:30,2231
3/28/20 14:30,1213
3/28/20 15:30,1947
3/28/20 16:30,1514
3/28/20 17:30,2064
3/28/20 18:30,2239
3/28/20 19:30,2308
3/28/20 20:30,1591
3/28/20 21:30,1832
3/28/20 22:30,1263
3/28/20 23:30,785
3/29/20 0:30,213
3/29/20 1:30,323
3/29/20 2:30,300
3/29/20 3:30,60
3/29/20 4:30,89
3/29/20 5:30,208
3/29/20 6:30,268
3/29/20 7:30,543
3/29/20 8:30,643
3/29/20 9:30,1692
3/29/20 10:30,2614
3/29/20 11:30,1985
3/29/20 12:30,2046
3/29/20 13:30,1970
3/29/20 14:30,2512
3/29/20 15:30,3332
3/29/20 16:30,1876
3/29/20 17:30,3074
3/29/20 18:30,3777
3/29/20 19:30,3264
3/29/20 20:30,1939
3/29/20 21:30,1929
3/29/20 22:30,1527
3/29/20 23:30,870
3/30/20 0:00,870
3/30/20 0:30,345
3/30/20 1:30,308
3/30/20 2:30,168
3/30/20 3:30,108
3/30/20 4:30,117
3/30/20 5:30,484
3/30/20 6:30,1169
3/30/20 7:30,3862
3/30/20 8:30,12665
3/30/20 9:30,22055
3/30/20 10:30,26388
3/30/20 11:30,30658
3/30/20 12:30,25011
3/30/20 13:30,18613
3/30/20 14:30,19403
3/30/20 15:30,19646
3/30/20 16:30,15926
3/30/20 17:30,17352
3/30/20 18:30,11527
3/30/20 19:30,9631
3/30/20 20:30,6416
3/30/20 21:30,5375
3/30/20 22:30,4036
3/30/20 23:30,3034
3/31/20 0:30,1349
3/31/20 1:30,377
3/31/20 2:30,250
3/31/20 3:30,146
3/31/20 4:30,158
3/31/20 5:30,550
3/31/20 6:30,1174
3/31/20 7:30,3727
3/31/20 8:30,10757
3/31/20 9:30,19057
3/31/20 10:30,24905
3/31/20 11:30,26510
3/31/20 12:30,17534
3/31/20 13:30,15032
3/31/20 14:30,15320
3/31/20 15:30,11586
3/31/20 16:30,10116
3/31/20 17:30,9204
3/31/20 18:30,13500
3/31/20 19:30,8242
3/31/20 20:30,6512
3/31/20 21:30,5784
3/31/20 22:30,2913
3/31/20 23:30,2265
4/1/20 0:30,1063
4/1/20 1:30,568
4/1/20 2:30,312
4/1/20 3:30,194
4/1/20 4:30,417
4/1/20 5:30,1144
4/1/20 6:30,1747
4/1/20 7:30,4125
4/1/20 8:30,11039
4/1/20 9:30,16242
4/1/20 10:30,23299
4/1/20 11:30,21166
4/1/20 12:30,18338
4/1/20 13:30,16011
4/1/20 14:30,16312
4/1/20 15:30,17052
4/1/20 16:30,14444
4/1/20 17:30,11891
4/1/20 18:30,9741
4/1/20 19:30,8192
4/1/20 20:30,6489
4/1/20 21:30,4422
4/1/20 22:30,3277
4/1/20 23:30,2403
4/2/20 0:30,1318
4/2/20 1:30,1135
4/2/20 2:30,565
4/2/20 3:30,637
4/2/20 4:30,597
4/2/20 5:30,935
4/2/20 6:30,1675
4/2/20 7:30,3642
4/2/20 8:30,8355
4/2/20 9:30,15906
4/2/20 10:30,23372
4/2/20 11:30,22681
4/2/20 12:30,20101
4/2/20 13:30,17137
4/2/20 14:30,16217
4/2/20 15:30,15765
4/2/20 16:30,13985
4/2/20 17:30,12782
4/2/20 18:30,10800
4/2/20 19:30,7957
4/2/20 20:30,5416
4/2/20 21:30,5584
4/2/20 22:30,3119
4/2/20 23:30,1971
4/3/20 0:30,923
4/3/20 1:30,768
4/3/20 2:30,414
4/3/20 3:30,516
4/3/20 4:30,283
4/3/20 5:30,1025
4/3/20 6:30,1654
4/3/20 7:30,3882
4/3/20 8:30,8992
4/3/20 9:30,18424
4/3/20 10:30,27996
4/3/20 11:30,25627
4/3/20 12:30,21416
4/3/20 13:30,21317
4/3/20 14:30,20564
4/3/20 15:30,17031
4/3/20 16:30,19044
4/3/20 17:30,34520
4/3/20 18:30,16643
4/3/20 19:30,11109
4/3/20 20:30,7732
4/3/20 21:30,5262
4/3/20 22:30,3363
4/3/20 23:30,1509
4/4/20 0:30,1141
4/4/20 1:30,692
4/4/20 2:30,344
4/4/20 3:30,155
4/4/20 4:30,280
4/4/20 5:30,450
4/4/20 6:30,661
4/4/20 7:30,550
4/4/20 8:30,948
4/4/20 9:30,2034
4/4/20 10:30,2457
4/4/20 11:30,2848
4/4/20 12:30,2418
4/4/20 13:30,1502
4/4/20 14:30,2127
4/4/20 15:30,2546
4/4/20 16:30,2302
4/4/20 17:30,1879
4/4/20 18:30,1844
4/4/20 19:30,2388
4/4/20 20:30,1507
4/4/20 21:30,1140
4/4/20 22:30,1002
4/4/20 23:30,443
4/5/20 0:30,393
4/5/20 1:30,356
4/5/20 2:30,56
4/5/20 3:30,153
4/5/20 4:30,60
4/5/20 5:30,252
4/5/20 6:30,409
4/5/20 7:30,446
4/5/20 8:30,854
4/5/20 9:30,1370
4/5/20 10:30,2076
4/5/20 11:30,1572
4/5/20 12:30,1404
4/5/20 13:30,1748
4/5/20 14:30,1874
4/5/20 15:30,2857
4/5/20 16:30,2096
4/5/20 17:30,2318
4/5/20 18:30,3093
4/5/20 19:30,2263
4/5/20 20:30,1484
4/5/20 21:30,1972
4/5/20 22:30,2611
4/5/20 23:30,1564
4/6/20 0:00,1564
4/6/20 0:30,687
4/6/20 1:30,413
4/6/20 2:30,186
4/6/20 3:30,150
4/6/20 4:30,200
4/6/20 5:30,1307
4/6/20 6:30,2574
4/6/20 7:30,7088
4/6/20 8:30,19513
4/6/20 9:30,43529
4/6/20 10:30,42640
4/6/20 11:30,39284
4/6/20 12:30,31054
4/6/20 13:30,24897
4/6/20 14:30,23735
4/6/20 15:30,21590
4/6/20 16:30,24749
4/6/20 17:30,22536
4/6/20 18:30,17715
4/6/20 19:30,13825
4/6/20 20:30,8337
4/6/20 21:30,5564
4/6/20 22:30,4607
4/6/20 23:30,2348
4/7/20 0:30,1776
4/7/20 1:30,822
4/7/20 2:30,911
4/7/20 3:30,524
4/7/20 4:30,452
4/7/20 5:30,683
4/7/20 6:30,1572
4/7/20 7:30,4119
4/7/20 8:30,11320
4/7/20 9:30,20380
4/7/20 10:30,25696
4/7/20 11:30,27885
4/7/20 12:30,23566
4/7/20 13:30,19874
4/7/20 14:30,24228
4/7/20 15:30,24212
4/7/20 16:30,36839
4/7/20 17:30,23690
4/7/20 18:30,15000
4/7/20 19:30,11422
4/7/20 20:30,7121
4/7/20 21:30,5779
4/7/20 22:30,3609
4/7/20 23:30,1962
4/8/20 0:30,1197
4/8/20 1:30,689
4/8/20 2:30,321
4/8/20 3:30,339
4/8/20 4:30,462
4/8/20 5:30,884
4/8/20 6:30,1588
4/8/20 7:30,3282
4/8/20 8:30,9702
4/8/20 9:30,17102
4/8/20 10:30,23967
4/8/20 11:30,24379
4/8/20 12:30,21027
4/8/20 13:30,18077
4/8/20 14:30,19638
4/8/20 15:30,16102
4/8/20 16:30,17086
4/8/20 17:30,13862
4/8/20 18:30,12298
4/8/20 19:30,9415
4/8/20 20:30,4994
4/8/20 21:30,4501
4/8/20 22:30,3363
4/8/20 23:30,2421
4/9/20 0:30,1203
4/9/20 1:30,841
4/9/20 2:30,762
4/9/20 3:30,388
4/9/20 4:30,267
4/9/20 5:30,655
4/9/20 6:30,1429
4/9/20 7:30,2784
4/9/20 8:30,7882
4/9/20 9:30,13688
4/9/20 10:30,20513
4/9/20 11:30,34689
4/9/20 12:30,26282
4/9/20 13:30,16120
4/9/20 14:30,14564
4/9/20 15:30,19536
4/9/20 16:30,19319
4/9/20 17:30,16546
4/9/20 18:30,13888
4/9/20 19:30,11405
4/9/20 20:30,6101
4/9/20 21:30,5095
4/9/20 22:30,2781
4/9/20 23:30,1877
4/10/20 0:30,1186
4/10/20 1:30,904
4/10/20 2:30,585
4/10/20 3:30,371
4/10/20 4:30,566
4/10/20 5:30,604
4/10/20 6:30,1348
4/10/20 7:30,3573
4/10/20 8:30,9534
4/10/20 9:30,18572
4/10/20 10:30,24206
4/10/20 11:30,25455
4/10/20 12:30,26366
4/10/20 13:30,28160
4/10/20 14:30,18207
4/10/20 15:30,19172
4/10/20 16:30,20564
4/10/20 17:30,18093
4/10/20 18:30,17418
4/10/20 19:30,14573
4/10/20 20:30,9479
4/10/20 21:30,6205
4/10/20 22:30,4262
4/10/20 23:30,1775
4/11/20 0:30,1277
4/11/20 1:30,1013
4/11/20 2:30,427
4/11/20 3:30,358
4/11/20 4:30,193
4/11/20 5:30,537
4/11/20 6:30,871
4/11/20 7:30,843
4/11/20 8:30,1491
4/11/20 9:30,2191
4/11/20 10:30,3006
4/11/20 11:30,3971
4/11/20 12:30,2512
4/11/20 13:30,2308
4/11/20 14:30,2454
4/11/20 15:30,1768
4/11/20 16:30,1968
4/11/20 17:30,1910
4/11/20 18:30,2461
4/11/20 19:30,2026
4/11/20 20:30,1868
4/11/20 21:30,1735
4/11/20 22:30,1169
4/11/20 23:30,1291
4/12/20 0:30,669
4/12/20 1:30,98
4/12/20 2:30,124
4/12/20 3:30,148
4/12/20 4:30,144
4/12/20 5:30,296
4/12/20 6:30,214
4/12/20 7:30,851
4/12/20 8:30,696
4/12/20 9:30,1400
4/12/20 10:30,2043
4/12/20 11:30,2962
4/12/20 12:30,2186
4/12/20 13:30,1408
4/12/20 14:30,1942
4/12/20 15:30,1573
4/12/20 16:30,2079
4/12/20 17:30,2152
4/12/20 18:30,3790
4/12/20 19:30,3041
4/12/20 20:30,2878
4/12/20 21:30,1663
4/12/20 22:30,1633
4/12/20 23:30,1651
4/13/20 0:00,1651
4/13/20 0:30,736
4/13/20 1:30,547
4/13/20 2:30,574
4/13/20 3:30,260
4/13/20 4:30,255
4/13/20 5:30,1038
4/13/20 6:30,1787
4/13/20 7:30,7542
4/13/20 8:30,18376
4/13/20 9:30,26717
4/13/20 10:30,25006
4/13/20 11:30,23703
4/13/20 12:30,26237
4/13/20 13:30,27790
4/13/20 14:30,22200
4/13/20 15:30,20543
4/13/20 16:30,20165
4/13/20 17:30,23458
4/13/20 18:30,18842
4/13/20 19:30,16251
4/13/20 20:30,11500
4/13/20 21:30,8584
4/13/20 22:30,5688
4/13/20 23:30,3167
4/14/20 0:30,1340
4/14/20 1:30,1076
4/14/20 2:30,773
4/14/20 3:30,393
4/14/20 4:30,957
4/14/20 5:30,1256
4/14/20 6:30,1964
4/14/20 7:30,4519
4/14/20 8:30,13505
4/14/20 9:30,24248
4/14/20 10:30,37889
4/14/20 11:30,46602
4/14/20 12:30,31719
4/14/20 13:30,35777
4/14/20 14:30,30495
4/14/20 15:30,27855
4/14/20 16:30,25514
4/14/20 17:30,17094
4/14/20 18:30,14003
4/14/20 19:30,12191
4/14/20 20:30,8856
4/14/20 21:30,5862
4/14/20 22:30,3771
4/14/20 23:30,2193
4/15/20 0:30,1660
4/15/20 1:30,1188
4/15/20 2:30,449
4/15/20 3:30,294
4/15/20 4:30,632
4/15/20 5:30,853
4/15/20 6:30,2062
4/15/20 7:30,3405
4/15/20 8:30,10317
4/15/20 9:30,22159
4/15/20 10:30,28458
4/15/20 11:30,34224
4/15/20 12:30,29846
4/15/20 13:30,25970
4/15/20 14:30,29167
4/15/20 15:30,32246
4/15/20 16:30,28092
4/15/20 17:30,21104
4/15/20 18:30,19362
4/15/20 19:30,13049
4/15/20 20:30,9898
4/15/20 21:30,5904
4/15/20 22:30,4271
4/15/20 23:30,1965
4/16/20 0:30,934
4/16/20 1:30,727
4/16/20 2:30,552
4/16/20 3:30,276
4/16/20 4:30,376
4/16/20 5:30,492
4/16/20 6:30,1056
4/16/20 7:30,4482
4/16/20 8:30,9827
4/16/20 9:30,20579
4/16/20 10:30,38324
4/16/20 11:30,41784
4/16/20 12:30,30283
4/16/20 13:30,25418
4/16/20 14:30,26499
4/16/20 15:30,26785
4/16/20 16:30,28928
4/16/20 17:30,19774
4/16/20 18:30,17164
4/16/20 19:30,14126
4/16/20 20:30,9462
4/16/20 21:30,5922
4/16/20 22:30,3334
4/16/20 23:30,2603
4/17/20 0:30,1129
4/17/20 1:30,809
4/17/20 2:30,511
4/17/20 3:30,217
4/17/20 4:30,215
4/17/20 5:30,826
4/17/20 6:30,1202
4/17/20 7:30,3681
4/17/20 8:30,10966
4/17/20 9:30,19829
4/17/20 10:30,43896
4/17/20 11:30,51008
4/17/20 12:30,39384
4/17/20 13:30,32206
4/17/20 14:30,30979
4/17/20 15:30,29397
4/17/20 16:30,26569
4/17/20 17:30,23207
4/17/20 18:30,19517
4/17/20 19:30,13272
4/17/20 20:30,10214
4/17/20 21:30,19979
4/17/20 22:30,11921
4/17/20 23:30,2263
4/18/20 0:30,851
4/18/20 1:30,652
4/18/20 2:30,214
4/18/20 3:30,206
4/18/20 4:30,362
4/18/20 5:30,524
4/18/20 6:30,652
4/18/20 7:30,1107
4/18/20 8:30,1279
4/18/20 9:30,2433
4/18/20 10:30,2994
4/18/20 11:30,4490
4/18/20 12:30,2123
4/18/20 13:30,2644
4/18/20 14:30,2688
4/18/20 15:30,3397
4/18/20 16:30,3140
4/18/20 17:30,1980
4/18/20 18:30,2543
4/18/20 19:30,2092
4/18/20 20:30,1976
4/18/20 21:30,1506
4/18/20 22:30,1654
4/18/20 23:30,681
4/19/20 0:30,723
4/19/20 1:30,202
4/19/20 2:30,100
4/19/20 3:30,103
4/19/20 4:30,59
4/19/20 5:30,198
4/19/20 6:30,528
4/19/20 7:30,905
4/19/20 8:30,1004
4/19/20 9:30,1259
4/19/20 10:30,1884
4/19/20 11:30,2508
4/19/20 12:30,1887
4/19/20 13:30,2274
4/19/20 14:30,1935
4/19/20 15:30,2174
4/19/20 16:30,3179
4/19/20 17:30,3743
4/19/20 18:30,3651
4/19/20 19:30,4102
4/19/20 20:30,2481
4/19/20 21:30,2820
4/19/20 22:30,2763
4/19/20 23:30,1997
4/20/20 0:00,1997
4/20/20 0:30,562
4/20/20 1:30,522
4/20/20 2:30,242
4/20/20 3:30,111
4/20/20 4:30,223
4/20/20 5:30,896
4/20/20 6:30,2009
4/20/20 7:30,7143
4/20/20 8:30,19005
4/20/20 9:30,29442
4/20/20 10:30,41655
4/20/20 11:30,42840
4/20/20 12:30,35076
4/20/20 13:30,26742
4/20/20 14:30,28704
4/20/20 15:30,31762
4/20/20 16:30,30774
4/20/20 17:30,21848
4/20/20 18:30,19244
4/20/20 19:30,15446
4/20/20 20:30,9785
4/20/20 21:30,7902
4/20/20 22:30,4451
4/20/20 23:30,3182
4/21/20 0:30,1982
4/21/20 1:30,782
4/21/20 2:30,303
4/21/20 3:30,239
4/21/20 4:30,364
4/21/20 5:30,1129
4/21/20 6:30,1552
4/21/20 7:30,4262
4/21/20 8:30,9975
4/21/20 9:30,21019
4/21/20 10:30,34057
4/21/20 11:30,31466
4/21/20 12:30,25929
4/21/20 13:30,24414
4/21/20 14:30,29857
4/21/20 15:30,27540
4/21/20 16:30,27359
4/21/20 17:30,22403
4/21/20 18:30,21501
4/21/20 19:30,16714
4/21/20 20:30,9770
4/21/20 21:30,8186
4/21/20 22:30,4576
4/21/20 23:30,2410
4/22/20 0:30,1209
4/22/20 1:30,1659
4/22/20 2:30,1048
4/22/20 3:30,1445
4/22/20 4:30,389
4/22/20 5:30,800
4/22/20 6:30,1425
4/22/20 7:30,3745
4/22/20 8:30,9997
4/22/20 9:30,21201
4/22/20 10:30,30342
4/22/20 11:30,36447
4/22/20 12:30,26911
4/22/20 13:30,25200
4/22/20 14:30,23914
4/22/20 15:30,23021
4/22/20 16:30,22539
4/22/20 17:30,20184
4/22/20 18:30,19035
4/22/20 19:30,14490
4/22/20 20:30,8760
4/22/20 21:30,7477
4/22/20 22:30,6031
4/22/20 23:30,3599
4/23/20 0:30,2527
4/23/20 1:30,902
4/23/20 2:30,384
4/23/20 3:30,256
4/23/20 4:30,242
4/23/20 5:30,704
4/23/20 6:30,1363
4/23/20 7:30,3156
4/23/20 8:30,8937
4/23/20 9:30,18816
4/23/20 10:30,23304
4/23/20 11:30,26077
4/23/20 12:30,22487
4/23/20 13:30,20974
4/23/20 14:30,23598
4/23/20 15:30,22785
4/23/20 16:30,21789
4/23/20 17:30,18639
4/23/20 18:30,16040
4/23/20 19:30,10592
4/23/20 20:30,8435
4/23/20 21:30,7964
4/23/20 22:30,3349
4/23/20 23:30,2318
4/24/20 0:30,1652
4/24/20 1:30,1186
4/24/20 2:30,303
4/24/20 3:30,450
4/24/20 4:30,486
4/24/20 5:30,1079
4/24/20 6:30,1178
4/24/20 7:30,3719
4/24/20 8:30,10252
4/24/20 9:30,20264
4/24/20 10:30,33422
4/24/20 11:30,35111
4/24/20 12:30,28343
4/24/20 13:30,25646
4/24/20 14:30,28347
4/24/20 15:30,27772
4/24/20 16:30,24276
4/24/20 17:30,21433
4/24/20 18:30,19789
4/24/20 19:30,13493
4/24/20 20:30,7981
4/24/20 21:30,6469
4/24/20 22:30,3631
4/24/20 23:30,3187
4/25/20 0:30,2500
4/25/20 1:30,1898
4/25/20 2:30,1335
4/25/20 3:30,248
4/25/20 4:30,210
4/25/20 5:30,291
4/25/20 6:30,591
4/25/20 7:30,642
4/25/20 8:30,1100
4/25/20 9:30,2215
4/25/20 10:30,3182
4/25/20 11:30,3815
4/25/20 12:30,3894
4/25/20 13:30,2905
4/25/20 14:30,2940
4/25/20 15:30,2776
4/25/20 16:30,1290
4/25/20 17:30,1478
4/25/20 18:30,2554
4/25/20 19:30,2815
4/25/20 20:30,2539
4/25/20 21:30,2335
4/25/20 22:30,1675
4/25/20 23:30,1740
4/26/20 0:30,1203
4/26/20 1:30,973
4/26/20 2:30,849
4/26/20 3:30,114
4/26/20 4:30,127
4/26/20 5:30,242
4/26/20 6:30,314
4/26/20 7:30,476
4/26/20 8:30,620
4/26/20 9:30,998
4/26/20 10:30,1702
4/26/20 11:30,2276
4/26/20 12:30,2181
4/26/20 13:30,2382
4/26/20 14:30,2697
4/26/20 15:30,3054
4/26/20 16:30,3275
4/26/20 17:30,2617
4/26/20 18:30,3277
4/26/20 19:30,2997
4/26/20 20:30,3185
4/26/20 21:30,3504
4/26/20 22:30,2480
4/26/20 23:30,1988
4/27/20 0:00,1988
4/27/20 0:30,980
4/27/20 1:30,227
4/27/20 2:30,225
4/27/20 3:30,218
4/27/20 4:30,379
4/27/20 5:30,475
4/27/20 6:30,1505
4/27/20 7:30,4726
4/27/20 8:30,14595
4/27/20 9:30,27457
4/27/20 10:30,32127
4/27/20 11:30,32776
4/27/20 12:30,28466
4/27/20 13:30,23527
4/27/20 14:30,23194
4/27/20 15:30,24326
4/27/20 16:30,26137
4/27/20 17:30,22113
4/27/20 18:30,19614
4/27/20 19:30,13085
4/27/20 20:30,9686
4/27/20 21:30,7102
4/27/20 22:30,5873
4/27/20 23:30,4857
4/28/20 0:30,3441
4/28/20 1:30,2596
4/28/20 2:30,2153
4/28/20 3:30,930
4/28/20 4:30,2386
4/28/20 5:30,3793
4/28/20 6:30,3765
4/28/20 7:30,5267
4/28/20 8:30,12011
4/28/20 9:30,11228
4/28/20 10:30,23754
4/28/20 11:30,39994
4/28/20 12:30,30240
4/28/20 13:30,23903
4/28/20 14:30,25719
4/28/20 15:30,22023
4/28/20 16:30,20776
4/28/20 17:30,16937
4/28/20 18:30,12088
4/28/20 19:30,10394
4/28/20 20:30,7969
4/28/20 21:30,8738
4/28/20 22:30,7083
4/28/20 23:30,5831
4/29/20 0:30,3163
4/29/20 1:30,2546
4/29/20 2:30,1749
4/29/20 3:30,477
4/29/20 4:30,362
4/29/20 5:30,484
4/29/20 6:30,896
4/29/20 7:30,3058
4/29/20 8:30,7998
4/29/20 9:30,18769
4/29/20 10:30,34983
4/29/20 11:30,24228
4/29/20 12:30,21972
4/29/20 13:30,20974
4/29/20 14:30,24370
4/29/20 15:30,24019
4/29/20 16:30,19333
4/29/20 17:30,13699
4/29/20 18:30,10905
4/29/20 19:30,7867
4/29/20 20:30,4590
4/29/20 21:30,3679
4/29/20 22:30,2423
4/29/20 23:30,1591
4/30/20 0:30,751
4/30/20 1:30,324
4/30/20 2:30,316
4/30/20 3:30,189
4/30/20 4:30,301
4/30/20 5:30,685
4/30/20 6:30,840
4/30/20 7:30,2154
4/30/20 8:30,3983
4/30/20 9:30,7883
4/30/20 10:30,8940
4/30/20 11:30,10085
4/30/20 12:30,7513
4/30/20 13:30,8356
4/30/20 14:30,8776
4/30/20 15:30,9336
4/30/20 16:30,8108
4/30/20 17:30,5957
4/30/20 18:30,6380
4/30/20 19:30,4686
4/30/20 20:30,3905
4/30/20 21:30,2951
4/30/20 22:30,2092
4/30/20 23:30,2310
5/1/20 0:30,1056
5/1/20 1:30,806
5/1/20 2:30,344
5/1/20 3:30,400
5/1/20 4:30,565
5/1/20 5:30,649
5/1/20 6:30,1500
5/1/20 7:30,1361
5/1/20 8:30,2302
5/1/20 9:30,3933
5/1/20 10:30,5355
5/1/20 11:30,7037
5/1/20 12:30,5230
5/1/20 13:30,4868
5/1/20 14:30,5012
5/1/20 15:30,4456
5/1/20 16:30,5216
5/1/20 17:30,4388
5/1/20 18:30,4737
5/1/20 19:30,3952
5/1/20 20:30,3377
5/1/20 21:30,2321
5/1/20 22:30,2417
5/1/20 23:30,1014
5/2/20 0:30,389
5/2/20 1:30,339
5/2/20 2:30,617
5/2/20 3:30,213
5/2/20 4:30,321
5/2/20 5:30,716
5/2/20 6:30,897
5/2/20 7:30,866
5/2/20 8:30,1518
5/2/20 9:30,2133
5/2/20 10:30,3250
5/2/20 11:30,2565
5/2/20 12:30,2798
5/2/20 13:30,2085
5/2/20 14:30,2250
5/2/20 15:30,1609
5/2/20 16:30,1703
5/2/20 17:30,1581
5/2/20 18:30,1814
5/2/20 19:30,1854
5/2/20 20:30,1729
5/2/20 21:30,1200
5/2/20 22:30,979
5/2/20 23:30,531
5/3/20 0:30,453
5/3/20 1:30,353
5/3/20 2:30,230
5/3/20 3:30,169
5/3/20 4:30,194
5/3/20 5:30,444
5/3/20 6:30,380
5/3/20 7:30,742
5/3/20 8:30,909
5/3/20 9:30,1515
5/3/20 10:30,1976
5/3/20 11:30,1780
5/3/20 12:30,1790
5/3/20 13:30,1723
5/3/20 14:30,2160
5/3/20 15:30,2306
5/3/20 16:30,2194
5/3/20 17:30,2157
5/3/20 18:30,3523
5/3/20 19:30,2903
5/3/20 20:30,2398
5/3/20 21:30,1880
5/3/20 22:30,2371
5/3/20 23:30,899
5/4/20 0:00,899
5/4/20 0:30,569
5/4/20 1:30,359
5/4/20 2:30,275
5/4/20 3:30,383
5/4/20 4:30,253
5/4/20 5:30,769
5/4/20 6:30,2752
5/4/20 7:30,6809
5/4/20 8:30,18968
5/4/20 9:30,33301
5/4/20 10:30,36349
5/4/20 11:30,37331
5/4/20 12:30,29960
5/4/20 13:30,30958
5/4/20 14:30,28448
5/4/20 15:30,24026
5/4/20 16:30,23584
5/4/20 17:30,19575
5/4/20 18:30,14817
5/4/20 19:30,13000
5/4/20 20:30,8597
5/4/20 21:30,6972
5/4/20 22:30,5231
5/4/20 23:30,3338
5/5/20 0:30,1845
5/5/20 1:30,1014
5/5/20 2:30,337
5/5/20 3:30,686
5/5/20 4:30,689
5/5/20 5:30,1607
5/5/20 6:30,2114
5/5/20 7:30,4343
5/5/20 8:30,12237
5/5/20 9:30,21507
5/5/20 10:30,27903
5/5/20 11:30,27699
5/5/20 12:30,22692
5/5/20 13:30,21560
5/5/20 14:30,20807
5/5/20 15:30,32281
5/5/20 16:30,23167
5/5/20 17:30,17287
5/5/20 18:30,14200
5/5/20 19:30,11024
5/5/20 20:30,9298
5/5/20 21:30,6830
5/5/20 22:30,5197
5/5/20 23:30,3803
5/6/20 0:30,2292
5/6/20 1:30,2123
5/6/20 2:30,1660
5/6/20 3:30,784
5/6/20 4:30,783
5/6/20 5:30,1196
5/6/20 6:30,2437
5/6/20 7:30,4668
5/6/20 8:30,11199
5/6/20 9:30,17593
5/6/20 10:30,26401
5/6/20 11:30,24944
5/6/20 12:30,18983
5/6/20 13:30,18283
5/6/20 14:30,19264
5/6/20 15:30,17868
5/6/20 16:30,15659
5/6/20 17:30,14198
5/6/20 18:30,12178
5/6/20 19:30,9634
5/6/20 20:30,7384
5/6/20 21:30,4751
5/6/20 22:30,3966
5/6/20 23:30,2281
5/7/20 0:30,1449
5/7/20 1:30,1019
5/7/20 2:30,764
5/7/20 3:30,624
5/7/20 4:30,636
5/7/20 5:30,735
5/7/20 6:30,1448
5/7/20 7:30,2804
5/7/20 8:30,8297
5/7/20 9:30,17362
5/7/20 10:30,23331
5/7/20 11:30,23644
5/7/20 12:30,32439
5/7/20 13:30,24427
5/7/20 14:30,19557
5/7/20 15:30,17684
5/7/20 16:30,15894
5/7/20 17:30,13989
5/7/20 18:30,13305
5/7/20 19:30,11422
5/7/20 20:30,7865
5/7/20 21:30,5822
5/7/20 22:30,3763
5/7/20 23:30,2064
5/8/20 0:30,1455
5/8/20 1:30,938
5/8/20 2:30,455
5/8/20 3:30,366
5/8/20 4:30,450
5/8/20 5:30,997
5/8/20 6:30,1795
5/8/20 7:30,4325
5/8/20 8:30,12011
5/8/20 9:30,20621
5/8/20 10:30,25855
5/8/20 11:30,34367
5/8/20 12:30,33937
5/8/20 13:30,33054
5/8/20 14:30,24089
5/8/20 15:30,20739
5/8/20 16:30,21059
5/8/20 17:30,11484
5/8/20 18:30,11418
5/8/20 19:30,13552
5/8/20 20:30,8317
5/8/20 21:30,5866
5/8/20 22:30,4960
5/8/20 23:30,2864
5/9/20 0:30,1284
5/9/20 1:30,951
5/9/20 2:30,425
5/9/20 3:30,551
5/9/20 4:30,614
5/9/20 5:30,500
5/9/20 6:30,780
5/9/20 7:30,981
5/9/20 8:30,1735
5/9/20 9:30,2539
5/9/20 10:30,2733
5/9/20 11:30,2818
5/9/20 12:30,2234
5/9/20 13:30,2242
5/9/20 14:30,2157
5/9/20 15:30,3176
5/9/20 16:30,2455
5/9/20 17:30,1809
5/9/20 18:30,2067
5/9/20 19:30,2920
5/9/20 20:30,1941
5/9/20 21:30,1637
5/9/20 22:30,1164
5/9/20 23:30,634
5/10/20 0:30,444
5/10/20 1:30,257
5/10/20 2:30,217
5/10/20 3:30,189
5/10/20 4:30,269
5/10/20 5:30,376
5/10/20 6:30,537
5/10/20 7:30,682
5/10/20 8:30,935
5/10/20 9:30,1533
5/10/20 10:30,2135
5/10/20 11:30,2618
5/10/20 12:30,2148
5/10/20 13:30,2524
5/10/20 14:30,1940
5/10/20 15:30,2219
5/10/20 16:30,2524
5/10/20 17:30,2834
5/10/20 18:30,3371
5/10/20 19:30,3596
5/10/20 20:30,3851
5/10/20 21:30,3075
5/10/20 22:30,2491
5/10/20 23:30,2614
5/11/20 0:00,2614
5/11/20 0:30,1729
5/11/20 1:30,510
5/11/20 2:30,313
5/11/20 3:30,155
5/11/20 4:30,364
5/11/20 5:30,1349
5/11/20 6:30,2629
5/11/20 7:30,7565
5/11/20 8:30,17564
5/11/20 9:30,29046
5/11/20 10:30,36527
5/11/20 11:30,29914
5/11/20 12:30,22122
5/11/20 13:30,19652
5/11/20 14:30,19424
5/11/20 15:30,18401
5/11/20 16:30,18932
5/11/20 17:30,15147
5/11/20 18:30,18951
5/11/20 19:30,13853
5/11/20 20:30,8070
5/11/20 21:30,6687
5/11/20 22:30,4184
5/11/20 23:30,2254
5/12/20 0:30,1233
5/12/20 1:30,1130
5/12/20 2:30,359
5/12/20 3:30,483
5/12/20 4:30,653
5/12/20 5:30,882
5/12/20 6:30,2047
5/12/20 7:30,3180
5/12/20 8:30,9458
5/12/20 9:30,17140
5/12/20 10:30,35484
5/12/20 11:30,38140
5/12/20 12:30,28472
5/12/20 13:30,23017
5/12/20 14:30,22915
5/12/20 15:30,22231
5/12/20 16:30,20168
5/12/20 17:30,17173
5/12/20 18:30,15095
5/12/20 19:30,9786
5/12/20 20:30,7701
5/12/20 21:30,6785
5/12/20 22:30,3913
5/12/20 23:30,2939
5/13/20 0:30,1471
5/13/20 1:30,707
5/13/20 2:30,612
5/13/20 3:30,284
5/13/20 4:30,556
5/13/20 5:30,1152
5/13/20 6:30,1815
5/13/20 7:30,4389
5/13/20 8:30,10102
5/13/20 9:30,22432
5/13/20 10:30,32761
5/13/20 11:30,32609
5/13/20 12:30,29944
5/13/20 13:30,25977
5/13/20 14:30,21491
5/13/20 15:30,20539
5/13/20 16:30,24503
5/13/20 17:30,17840
5/13/20 18:30,16713
5/13/20 19:30,11300
5/13/20 20:30,6393
5/13/20 21:30,3775
5/13/20 22:30,5005
5/13/20 23:30,3180
5/14/20 0:30,1031
5/14/20 1:30,872
5/14/20 2:30,641
5/14/20 3:30,347
5/14/20 4:30,263
5/14/20 5:30,1519
5/14/20 6:30,1343
5/14/20 7:30,4205
5/14/20 8:30,10365
5/14/20 9:30,17819
5/14/20 10:30,27298
5/14/20 11:30,28364
5/14/20 12:30,26193
5/14/20 13:30,22970
5/14/20 14:30,26516
5/14/20 15:30,21999
5/14/20 16:30,17851
5/14/20 17:30,14638
5/14/20 18:30,13746
5/14/20 19:30,11532
5/14/20 20:30,8966
5/14/20 21:30,5731
5/14/20 22:30,4105
5/14/20 23:30,2458
5/15/20 0:30,1364
5/15/20 1:30,848
5/15/20 2:30,762
5/15/20 3:30,412
5/15/20 4:30,515
5/15/20 5:30,784
5/15/20 6:30,1333
5/15/20 7:30,4054
5/15/20 8:30,9568
5/15/20 9:30,20164
5/15/20 10:30,29001
5/15/20 11:30,35623
5/15/20 12:30,28141
5/15/20 13:30,24684
5/15/20 14:30,25665
5/15/20 15:30,25510
5/15/20 16:30,22843
5/15/20 17:30,23644
5/15/20 18:30,17351
5/15/20 19:30,14966
5/15/20 20:30,8988
5/15/20 21:30,5354
5/15/20 22:30,4387
5/15/20 23:30,2414
5/16/20 0:30,1361
5/16/20 1:30,845
5/16/20 2:30,1066
5/16/20 3:30,263
5/16/20 4:30,342
5/16/20 5:30,381
5/16/20 6:30,596
5/16/20 7:30,778
5/16/20 8:30,904
5/16/20 9:30,1618
5/16/20 10:30,2142
5/16/20 11:30,2167
5/16/20 12:30,1377
5/16/20 13:30,2225
5/16/20 14:30,1689
5/16/20 15:30,1364
5/16/20 16:30,1146
5/16/20 17:30,1264
5/16/20 18:30,1549
5/16/20 19:30,1598
5/16/20 20:30,1157
5/16/20 21:30,887
5/16/20 22:30,1165
5/16/20 23:30,699
5/17/20 0:30,389
5/17/20 1:30,182
5/17/20 2:30,115
5/17/20 3:30,56
5/17/20 4:30,79
5/17/20 5:30,271
5/17/20 6:30,361
5/17/20 7:30,872
5/17/20 8:30,521
5/17/20 9:30,1003
5/17/20 10:30,1442
5/17/20 11:30,1334
5/17/20 12:30,632
