observation_date,IHLIDXUSTPSOFTDEVE
2020-08-22,70.02
2020-08-23,70.09
2020-08-24,70.10
2020-08-25,70.01
2020-08-26,70.08
2020-08-27,70.17
2020-08-28,70.29
2020-08-29,70.38
2020-08-30,70.41
2020-08-31,70.51
2020-09-01,70.62
2020-09-02,70.82
2020-09-03,70.98
2020-09-04,71.24
2020-09-05,71.46
2020-09-06,71.70
2020-09-07,71.93
2020-09-08,72.14
2020-09-09,72.19
2020-09-10,72.32
2020-09-11,72.39
2020-09-12,72.51
2020-09-13,72.55
2020-09-14,72.53
2020-09-15,72.56
2020-09-16,72.68
2020-09-17,72.79
2020-09-18,72.78
2020-09-19,72.76
2020-09-20,72.83
2020-09-21,72.83
2020-09-22,72.84
2020-09-23,72.77
2020-09-24,72.72
2020-09-25,72.84
2020-09-26,72.92
2020-09-27,72.99
2020-09-28,73.24
2020-09-29,73.47
2020-09-30,73.82
2020-10-01,74.07
2020-10-02,74.31
2020-10-03,74.62
2020-10-04,74.93
2020-10-05,75.11
2020-10-06,75.28
2020-10-07,75.41
2020-10-08,75.59
2020-10-09,75.74
2020-10-10,75.77
2020-10-11,75.87
2020-10-12,76.05
2020-10-13,76.20
2020-10-14,76.39
2020-10-15,76.68
2020-10-16,76.72
2020-10-17,76.91
2020-10-18,77.05
2020-10-19,77.33
2020-10-20,77.68
2020-10-21,78.00
2020-10-22,78.15
2020-10-23,78.45
2020-10-24,78.72
2020-10-25,78.94
2020-10-26,78.99
2020-10-27,79.09
2020-10-28,79.20
2020-10-29,79.28
2020-10-30,79.29
2020-10-31,79.40
2020-11-01,79.64
2020-11-02,79.97
2020-11-03,80.23
2020-11-04,80.46
2020-11-05,80.79
2020-11-06,81.21
2020-11-07,81.49
2020-11-08,81.74
2020-11-09,81.85
2020-11-10,82.06
2020-11-11,82.20
2020-11-12,82.36
2020-11-13,82.56
2020-11-14,82.71
2020-11-15,83.05
2020-11-16,83.52
2020-11-17,83.87
2020-11-18,84.41
2020-11-19,84.91
2020-11-20,85.36
2020-11-21,85.84
2020-11-22,86.09
2020-11-23,86.37
2020-11-24,86.63
2020-11-25,86.79
2020-11-26,86.97
2020-11-27,87.10
2020-11-28,87.28
2020-11-29,87.49
2020-11-30,87.67
2020-12-01,87.64
2020-12-02,87.83
2020-12-03,88.07
2020-12-04,88.47
2020-12-05,88.82
2020-12-06,89.03
2020-12-07,89.19
2020-12-08,89.62
2020-12-09,89.87
2020-12-10,89.93
2020-12-11,90.09
2020-12-12,90.00
2020-12-13,90.23
2020-12-14,90.50
2020-12-15,90.65
2020-12-16,90.73
2020-12-17,90.84
2020-12-18,90.82
2020-12-19,91.02
2020-12-20,91.04
2020-12-21,91.00
2020-12-22,91.09
2020-12-23,91.15
2020-12-24,91.29
2020-12-25,91.35
2020-12-26,91.47
2020-12-27,91.56
2020-12-28,91.67
2020-12-29,91.76
2020-12-30,91.84
2020-12-31,91.89
2021-01-01,91.86
2021-01-02,91.80
2021-01-03,91.71
2021-01-04,91.47
2021-01-05,91.19
2021-01-06,91.12
2021-01-07,91.18
2021-01-08,91.43
2021-01-09,91.47
2021-01-10,91.73
2021-01-11,92.15
2021-01-12,92.66
2021-01-13,93.04
2021-01-14,93.35
2021-01-15,93.71
2021-01-16,94.32
2021-01-17,94.72
2021-01-18,95.00
2021-01-19,95.23
2021-01-20,95.35
2021-01-21,95.46
2021-01-22,95.50
2021-01-23,95.16
2021-01-24,95.25
2021-01-25,95.43
2021-01-26,95.66
2021-01-27,95.99
2021-01-28,96.39
2021-01-29,96.78
2021-01-30,97.42
2021-01-31,97.76
2021-02-01,98.13
2021-02-02,98.46
2021-02-03,98.72
2021-02-04,98.90
2021-02-05,99.22
2021-02-06,99.52
2021-02-07,99.87
2021-02-08,100.16
2021-02-09,100.41
2021-02-10,100.78
2021-02-11,101.25
2021-02-12,101.61
2021-02-13,102.13
2021-02-14,102.48
2021-02-15,102.86
2021-02-16,103.23
2021-02-17,103.62
2021-02-18,103.89
2021-02-19,104.14
2021-02-20,104.12
2021-02-21,104.38
2021-02-22,104.74
2021-02-23,105.09
2021-02-24,105.50
2021-02-25,105.93
2021-02-26,106.35
2021-02-27,106.93
2021-02-28,107.32
2021-03-01,107.56
2021-03-02,107.86
2021-03-03,108.05
2021-03-04,108.26
2021-03-05,108.44
2021-03-06,108.32
2021-03-07,108.55
2021-03-08,108.88
2021-03-09,109.19
2021-03-10,109.48
2021-03-11,109.75
2021-03-12,110.06
2021-03-13,110.80
2021-03-14,111.10
2021-03-15,111.32
2021-03-16,111.62
2021-03-17,111.91
2021-03-18,112.31
2021-03-19,112.73
2021-03-20,113.07
2021-03-21,113.51
2021-03-22,113.95
2021-03-23,114.32
2021-03-24,114.77
2021-03-25,115.04
2021-03-26,115.25
2021-03-27,115.51
2021-03-28,115.68
2021-03-29,115.86
2021-03-30,116.05
2021-03-31,116.15
2021-04-01,116.34
2021-04-02,116.56
2021-04-03,116.73
2021-04-04,116.99
2021-04-05,117.34
2021-04-06,117.60
2021-04-07,117.87
2021-04-08,118.11
2021-04-09,118.41
2021-04-10,118.38
2021-04-11,118.42
2021-04-12,118.47
2021-04-13,118.59
2021-04-14,118.76
2021-04-15,118.93
2021-04-16,119.07
2021-04-17,119.65
2021-04-18,120.12
2021-04-19,120.52
2021-04-20,120.94
2021-04-21,121.34
2021-04-22,121.76
2021-04-23,122.19
2021-04-24,122.59
2021-04-25,122.82
2021-04-26,123.07
2021-04-27,123.35
2021-04-28,123.66
2021-04-29,124.20
2021-04-30,124.69
2021-05-01,125.06
2021-05-02,125.62
2021-05-03,126.17
2021-05-04,126.74
2021-05-05,127.24
2021-05-06,127.59
2021-05-07,127.93
2021-05-08,128.37
2021-05-09,128.68
2021-05-10,129.00
2021-05-11,129.31
2021-05-12,129.81
2021-05-13,130.26
2021-05-14,130.71
2021-05-15,131.03
2021-05-16,131.47
2021-05-17,131.92
2021-05-18,132.30
2021-05-19,132.45
2021-05-20,132.67
2021-05-21,132.82
2021-05-22,132.63
2021-05-23,132.75
2021-05-24,132.69
2021-05-25,132.58
2021-05-26,132.44
2021-05-27,132.33
2021-05-28,132.27
2021-05-29,132.66
2021-05-30,132.72
2021-05-31,132.97
2021-06-01,133.04
2021-06-02,133.44
2021-06-03,133.65
2021-06-04,134.01
2021-06-05,134.26
2021-06-06,134.58
2021-06-07,134.88
2021-06-08,135.27
2021-06-09,135.53
2021-06-10,135.89
2021-06-11,136.16
2021-06-12,136.40
2021-06-13,136.68
2021-06-14,137.04
2021-06-15,137.58
2021-06-16,137.85
2021-06-17,138.10
2021-06-18,138.09
2021-06-19,138.28
2021-06-20,138.24
2021-06-21,138.26
2021-06-22,138.13
2021-06-23,138.24
2021-06-24,138.36
2021-06-25,138.73
2021-06-26,139.01
2021-06-27,139.42
2021-06-28,139.71
2021-06-29,140.13
2021-06-30,140.48
2021-07-01,140.83
2021-07-02,141.10
2021-07-03,141.37
2021-07-04,141.64
2021-07-05,141.94
2021-07-06,142.28
2021-07-07,142.57
2021-07-08,142.78
2021-07-09,143.07
2021-07-10,143.25
2021-07-11,143.39
2021-07-12,143.38
2021-07-13,143.55
2021-07-14,143.76
2021-07-15,144.06
2021-07-16,144.21
2021-07-17,144.42
2021-07-18,144.87
2021-07-19,145.47
2021-07-20,145.87
2021-07-21,146.20
2021-07-22,146.48
2021-07-23,147.01
2021-07-24,147.57
2021-07-25,148.01
2021-07-26,148.35
2021-07-27,148.62
2021-07-28,148.99
2021-07-29,149.39
2021-07-30,149.62
2021-07-31,149.96
2021-08-01,150.15
2021-08-02,150.34
2021-08-03,150.56
2021-08-04,150.77
2021-08-05,151.01
2021-08-06,151.29
2021-08-07,150.83
2021-08-08,151.05
2021-08-09,151.36
2021-08-10,151.85
2021-08-11,152.33
2021-08-12,152.81
2021-08-13,153.39
2021-08-14,154.64
2021-08-15,155.26
2021-08-16,155.81
2021-08-17,156.38
2021-08-18,156.57
2021-08-19,157.07
2021-08-20,157.58
2021-08-21,158.90
2021-08-22,160.30
2021-08-23,161.82
2021-08-24,163.01
2021-08-25,164.79
2021-08-26,166.30
2021-08-27,167.58
2021-08-28,167.98
2021-08-29,168.35
2021-08-30,168.68
2021-08-31,168.90
2021-09-01,168.89
2021-09-02,168.95
2021-09-03,169.24
2021-09-04,169.30
2021-09-05,169.67
2021-09-06,170.02
2021-09-07,170.57
2021-09-08,171.14
2021-09-09,171.44
2021-09-10,171.60
2021-09-11,172.05
2021-09-12,172.15
2021-09-13,172.20
2021-09-14,172.27
2021-09-15,172.40
2021-09-16,172.55
2021-09-17,172.79
2021-09-18,172.97
2021-09-19,173.21
2021-09-20,173.49
2021-09-21,173.70
2021-09-22,173.91
2021-09-23,174.29
2021-09-24,174.62
2021-09-25,174.97
2021-09-26,175.33
2021-09-27,175.71
2021-09-28,176.24
2021-09-29,176.80
2021-09-30,177.11
2021-10-01,177.53
2021-10-02,177.95
2021-10-03,178.32
2021-10-04,178.65
2021-10-05,178.98
2021-10-06,179.25
2021-10-07,179.87
2021-10-08,180.22
2021-10-09,180.96
2021-10-10,181.68
2021-10-11,182.35
2021-10-12,183.05
2021-10-13,183.60
2021-10-14,184.34
2021-10-15,185.26
2021-10-16,185.59
2021-10-17,186.16
2021-10-18,186.75
2021-10-19,187.33
2021-10-20,187.93
2021-10-21,188.18
2021-10-22,188.46
2021-10-23,189.06
2021-10-24,189.33
2021-10-25,189.62
2021-10-26,189.86
2021-10-27,190.09
2021-10-28,190.41
2021-10-29,190.87
2021-10-30,191.33
2021-10-31,191.75
2021-11-01,192.27
2021-11-02,192.81
2021-11-03,193.41
2021-11-04,193.92
2021-11-05,194.30
2021-11-06,194.75
2021-11-07,195.51
2021-11-08,196.15
2021-11-09,196.69
2021-11-10,197.43
2021-11-11,198.83
2021-11-12,199.74
2021-11-13,200.87
2021-11-14,201.94
2021-11-15,202.82
2021-11-16,203.99
2021-11-17,205.03
2021-11-18,205.40
2021-11-19,206.47
2021-11-20,206.61
2021-11-21,207.16
2021-11-22,207.93
2021-11-23,208.30
2021-11-24,208.75
2021-11-25,208.78
2021-11-26,208.88
2021-11-27,209.46
2021-11-28,209.35
2021-11-29,209.17
2021-11-30,209.32
2021-12-01,209.16
2021-12-02,209.69
2021-12-03,209.93
2021-12-04,210.32
2021-12-05,210.87
2021-12-06,211.56
2021-12-07,211.77
2021-12-08,212.23
2021-12-09,212.59
2021-12-10,212.90
2021-12-11,212.79
2021-12-12,213.13
2021-12-13,213.46
2021-12-14,214.07
2021-12-15,214.76
2021-12-16,215.23
2021-12-17,215.92
2021-12-18,216.86
2021-12-19,217.51
2021-12-20,217.96
2021-12-21,217.54
2021-12-22,217.01
2021-12-23,216.49
2021-12-24,215.70
2021-12-25,215.02
2021-12-26,214.16
2021-12-27,213.30
2021-12-28,213.83
2021-12-29,213.80
2021-12-30,213.66
2021-12-31,213.48
2022-01-01,213.10
2022-01-02,212.58
2022-01-03,212.09
2022-01-04,211.03
2022-01-05,210.59
2022-01-06,210.31
2022-01-07,210.27
2022-01-08,210.13
2022-01-09,210.75
2022-01-10,211.50
2022-01-11,212.28
2022-01-12,213.04
2022-01-13,214.01
2022-01-14,214.49
2022-01-15,215.80
2022-01-16,216.44
2022-01-17,216.92
2022-01-18,217.62
2022-01-19,218.28
2022-01-20,218.77
2022-01-21,219.59
2022-01-22,219.57
2022-01-23,219.84
2022-01-24,220.26
2022-01-25,220.69
2022-01-26,221.05
2022-01-27,221.51
2022-01-28,222.11
2022-01-29,223.13
2022-01-30,223.88
2022-01-31,224.27
2022-02-01,224.89
2022-02-02,225.55
2022-02-03,226.09
2022-02-04,226.41
2022-02-05,226.64
2022-02-06,226.89
2022-02-07,227.50
2022-02-08,227.09
2022-02-09,227.31
2022-02-10,227.46
2022-02-11,227.73
2022-02-12,227.89
2022-02-13,227.97
2022-02-14,227.97
2022-02-15,228.04
2022-02-16,228.14
2022-02-17,228.36
2022-02-18,228.64
2022-02-19,228.57
2022-02-20,229.07
2022-02-21,229.65
2022-02-22,230.59
2022-02-23,231.10
2022-02-24,231.55
2022-02-25,231.84
2022-02-26,232.55
2022-02-27,232.74
2022-02-28,233.00
2022-03-01,232.65
2022-03-02,232.49
2022-03-03,232.14
2022-03-04,231.89
2022-03-05,231.28
2022-03-06,230.99
2022-03-07,230.42
2022-03-08,230.76
2022-03-09,230.87
2022-03-10,231.01
2022-03-11,231.15
2022-03-12,231.54
2022-03-13,231.55
2022-03-14,231.63
2022-03-15,230.59
2022-03-16,229.38
2022-03-17,228.12
2022-03-18,226.66
2022-03-19,225.30
2022-03-20,224.17
2022-03-21,222.58
2022-03-22,221.99
2022-03-23,221.83
2022-03-24,222.01
2022-03-25,222.52
2022-03-26,223.04
2022-03-27,223.41
2022-03-28,223.78
2022-03-29,223.84
2022-03-30,224.21
2022-03-31,224.41
2022-04-01,224.45
2022-04-02,224.19
2022-04-03,224.01
2022-04-04,223.78
2022-04-05,224.39
2022-04-06,224.28
2022-04-07,224.07
2022-04-08,223.97
2022-04-09,223.72
2022-04-10,223.28
2022-04-11,222.87
2022-04-12,222.54
2022-04-13,222.28
2022-04-14,222.16
2022-04-15,221.86
2022-04-16,221.99
2022-04-17,222.44
2022-04-18,223.15
2022-04-19,223.50
2022-04-20,223.86
2022-04-21,224.13
2022-04-22,224.51
2022-04-23,224.89
2022-04-24,224.87
2022-04-25,225.04
2022-04-26,224.97
2022-04-27,222.75
2022-04-28,222.67
2022-04-29,222.35
2022-04-30,222.03
2022-05-01,221.98
2022-05-02,221.66
2022-05-03,221.68
2022-05-04,223.82
2022-05-05,223.84
2022-05-06,224.31
2022-05-07,224.57
2022-05-08,224.90
2022-05-09,225.66
2022-05-10,226.19
2022-05-11,226.43
2022-05-12,226.64
2022-05-13,226.53
2022-05-14,226.60
2022-05-15,226.61
2022-05-16,226.51
2022-05-17,225.84
2022-05-18,225.72
2022-05-19,225.63
2022-05-20,225.51
2022-05-21,225.02
2022-05-22,224.96
2022-05-23,224.74
2022-05-24,225.11
2022-05-25,225.02
2022-05-26,224.86
2022-05-27,224.68
2022-05-28,224.80
2022-05-29,224.40
2022-05-30,224.15
2022-05-31,223.64
2022-06-01,223.13
2022-06-02,222.39
2022-06-03,221.64
2022-06-04,220.94
2022-06-05,220.18
2022-06-06,219.36
2022-06-07,218.66
2022-06-08,218.11
2022-06-09,217.81
2022-06-10,217.40
2022-06-11,217.03
2022-06-12,216.74
2022-06-13,216.53
2022-06-14,216.45
2022-06-15,216.32
2022-06-16,216.03
2022-06-17,215.96
2022-06-18,215.79
2022-06-19,215.79
2022-06-20,215.75
2022-06-21,215.74
2022-06-22,215.64
2022-06-23,215.75
2022-06-24,215.60
2022-06-25,215.23
2022-06-26,214.85
2022-06-27,214.15
2022-06-28,213.20
2022-06-29,212.26
2022-06-30,211.30
2022-07-01,210.53
2022-07-02,210.02
2022-07-03,209.22
2022-07-04,208.35
2022-07-05,208.02
2022-07-06,207.27
2022-07-07,206.52
2022-07-08,205.73
2022-07-09,204.75
2022-07-10,203.91
2022-07-11,203.47
2022-07-12,202.62
2022-07-13,202.13
2022-07-14,201.54
2022-07-15,201.00
2022-07-16,200.62
2022-07-17,200.30
2022-07-18,199.61
2022-07-19,198.86
2022-07-20,198.49
2022-07-21,197.79
2022-07-22,197.29
2022-07-23,196.39
2022-07-24,195.78
2022-07-25,195.26
2022-07-26,194.83
2022-07-27,194.01
2022-07-28,193.71
2022-07-29,193.28
2022-07-30,193.40
2022-07-31,193.10
2022-08-01,192.93
2022-08-02,192.56
2022-08-03,192.33
2022-08-04,191.90
2022-08-05,191.52
2022-08-06,190.94
2022-08-07,190.38
2022-08-08,190.02
2022-08-09,189.81
2022-08-10,189.42
2022-08-11,189.02
2022-08-12,188.39
2022-08-13,187.63
2022-08-14,187.09
2022-08-15,186.47
2022-08-16,185.81
2022-08-17,185.19
2022-08-18,184.65
2022-08-19,184.22
2022-08-20,183.92
2022-08-21,183.52
2022-08-22,183.06
2022-08-23,182.34
2022-08-24,182.12
2022-08-25,182.00
2022-08-26,181.70
2022-08-27,181.51
2022-08-28,181.18
2022-08-29,180.74
2022-08-30,180.48
2022-08-31,180.01
2022-09-01,179.47
2022-09-02,179.06
2022-09-03,178.67
2022-09-04,178.36
2022-09-05,177.99
2022-09-06,177.68
2022-09-07,177.12
2022-09-08,176.58
2022-09-09,176.09
2022-09-10,175.53
2022-09-11,174.85
2022-09-12,174.36
2022-09-13,173.94
2022-09-14,173.56
2022-09-15,173.21
2022-09-16,172.85
2022-09-17,172.32
2022-09-18,171.92
2022-09-19,171.39
2022-09-20,170.67
2022-09-21,170.17
2022-09-22,169.68
2022-09-23,169.11
2022-09-24,168.72
2022-09-25,168.25
2022-09-26,167.97
2022-09-27,167.96
2022-09-28,167.66
2022-09-29,167.27
2022-09-30,166.93
2022-10-01,166.68
2022-10-02,166.38
2022-10-03,166.02
2022-10-04,165.33
2022-10-05,164.80
2022-10-06,164.18
2022-10-07,163.45
2022-10-08,162.70
2022-10-09,161.96
2022-10-10,161.33
2022-10-11,160.91
2022-10-12,160.41
2022-10-13,160.01
2022-10-14,159.80
2022-10-15,159.44
2022-10-16,159.19
2022-10-17,158.81
2022-10-18,158.44
2022-10-19,158.14
2022-10-20,157.74
2022-10-21,157.33
2022-10-22,156.52
2022-10-23,156.05
2022-10-24,155.66
2022-10-25,155.28
2022-10-26,154.83
2022-10-27,154.58
2022-10-28,154.22
2022-10-29,154.41
2022-10-30,154.19
2022-10-31,154.03
2022-11-01,153.69
2022-11-02,153.19
2022-11-03,152.51
2022-11-04,151.93
2022-11-05,151.26
2022-11-06,150.66
2022-11-07,150.01
2022-11-08,149.49
2022-11-09,149.11
2022-11-10,148.73
2022-11-11,148.26
2022-11-12,147.93
2022-11-13,147.50
2022-11-14,147.03
2022-11-15,146.65
2022-11-16,146.32
2022-11-17,146.07
2022-11-18,145.84
2022-11-19,145.44
2022-11-20,145.14
2022-11-21,144.84
2022-11-22,144.47
2022-11-23,144.15
2022-11-24,143.79
2022-11-25,143.51
2022-11-26,143.37
2022-11-27,143.11
2022-11-28,142.83
2022-11-29,142.62
2022-11-30,142.41
2022-12-01,142.22
2022-12-02,141.84
2022-12-03,141.41
2022-12-04,140.91
2022-12-05,140.55
2022-12-06,139.97
2022-12-07,139.25
2022-12-08,138.57
2022-12-09,138.02
2022-12-10,137.38
2022-12-11,136.91
2022-12-12,136.31
2022-12-13,135.84
2022-12-14,135.72
2022-12-15,135.41
2022-12-16,135.11
2022-12-17,134.85
2022-12-18,134.55
2022-12-19,134.29
2022-12-20,134.06
2022-12-21,133.63
2022-12-22,133.30
2022-12-23,132.90
2022-12-24,132.67
2022-12-25,132.40
2022-12-26,132.18
2022-12-27,132.03
2022-12-28,131.74
2022-12-29,131.53
2022-12-30,131.39
2022-12-31,131.18
2023-01-01,130.95
2023-01-02,130.67
2023-01-03,130.30
2023-01-04,129.66
2023-01-05,129.29
2023-01-06,128.99
2023-01-07,128.63
2023-01-08,128.44
2023-01-09,128.18
2023-01-10,128.09
2023-01-11,128.35
2023-01-12,128.34
2023-01-13,128.25
2023-01-14,127.98
2023-01-15,127.88
2023-01-16,127.83
2023-01-17,127.70
2023-01-18,127.41
2023-01-19,127.33
2023-01-20,126.94
2023-01-21,126.65
2023-01-22,126.20
2023-01-23,125.70
2023-01-24,125.19
2023-01-25,124.66
2023-01-26,123.91
2023-01-27,123.46
2023-01-28,123.10
2023-01-29,122.63
2023-01-30,122.15
2023-01-31,121.68
2023-02-01,121.32
2023-02-02,120.85
2023-02-03,120.34
2023-02-04,119.83
2023-02-05,119.20
2023-02-06,118.65
2023-02-07,118.00
2023-02-08,117.33
2023-02-09,116.81
2023-02-10,116.32
2023-02-11,115.81
2023-02-12,115.37
2023-02-13,114.93
2023-02-14,114.42
2023-02-15,113.88
2023-02-16,113.33
2023-02-17,112.71
2023-02-18,111.59
2023-02-19,110.99
2023-02-20,110.44
2023-02-21,109.96
2023-02-22,109.50
2023-02-23,108.95
2023-02-24,108.35
2023-02-25,108.28
2023-02-26,107.69
2023-02-27,107.02
2023-02-28,106.33
2023-03-01,105.45
2023-03-02,104.90
2023-03-03,104.51
2023-03-04,104.08
2023-03-05,103.78
2023-03-06,103.52
2023-03-07,103.25
2023-03-08,103.05
2023-03-09,102.75
2023-03-10,102.60
2023-03-11,102.45
2023-03-12,102.19
2023-03-13,101.81
2023-03-14,101.58
2023-03-15,101.59
2023-03-16,101.53
2023-03-17,101.33
2023-03-18,101.18
2023-03-19,101.13
2023-03-20,101.24
2023-03-21,101.33
2023-03-22,101.29
2023-03-23,101.10
2023-03-24,100.98
2023-03-25,100.79
2023-03-26,100.48
2023-03-27,100.12
2023-03-28,99.70
2023-03-29,99.35
2023-03-30,99.13
2023-03-31,98.91
2023-04-01,98.80
2023-04-02,98.69
2023-04-03,98.54
2023-04-04,98.44
2023-04-05,98.36
2023-04-06,98.34
2023-04-07,98.20
2023-04-08,98.03
2023-04-09,97.86
2023-04-10,97.90
2023-04-11,97.90
2023-04-12,97.86
2023-04-13,97.66
2023-04-14,97.53
2023-04-15,97.06
2023-04-16,96.99
2023-04-17,96.80
2023-04-18,96.62
2023-04-19,96.47
2023-04-20,96.44
2023-04-21,96.34
2023-04-22,96.63
2023-04-23,96.54
2023-04-24,96.42
2023-04-25,96.22
2023-04-26,96.58
2023-04-27,96.96
2023-04-28,98.15
2023-04-29,97.87
2023-04-30,97.56
2023-05-01,97.28
2023-05-02,97.17
2023-05-03,97.32
2023-05-04,97.08
2023-05-05,96.42
2023-05-06,97.12
2023-05-07,97.82
2023-05-08,98.35
2023-05-09,98.76
2023-05-10,98.42
2023-05-11,98.31
2023-05-12,97.54
2023-05-13,97.10
2023-05-14,96.74
2023-05-15,96.52
2023-05-16,96.31
2023-05-17,95.88
2023-05-18,95.64
2023-05-19,95.75
2023-05-20,95.47
2023-05-21,95.29
2023-05-22,95.10
2023-05-23,94.86
2023-05-24,94.91
2023-05-25,94.83
2023-05-26,94.76
2023-05-27,94.63
2023-05-28,94.31
2023-05-29,94.04
2023-05-30,93.80
2023-05-31,93.36
2023-06-01,92.88
2023-06-02,92.45
2023-06-03,92.26
2023-06-04,92.07
2023-06-05,91.87
2023-06-06,91.63
2023-06-07,91.39
2023-06-08,90.60
2023-06-09,89.68
2023-06-10,88.47
2023-06-11,87.40
2023-06-12,86.32
2023-06-13,85.25
2023-06-14,84.31
2023-06-15,84.11
2023-06-16,83.87
2023-06-17,83.87
2023-06-18,83.91
2023-06-19,83.93
2023-06-20,84.01
2023-06-21,84.07
2023-06-22,84.06
2023-06-23,84.02
2023-06-24,83.90
2023-06-25,83.70
2023-06-26,83.43
2023-06-27,83.25
2023-06-28,83.00
2023-06-29,82.72
2023-06-30,82.58
2023-07-01,82.40
2023-07-02,82.24
2023-07-03,82.12
2023-07-04,81.93
2023-07-05,81.87
2023-07-06,81.69
2023-07-07,81.59
2023-07-08,81.61
2023-07-09,81.60
2023-07-10,81.64
2023-07-11,81.67
2023-07-12,81.66
2023-07-13,82.23
2023-07-14,82.74
2023-07-15,83.18
2023-07-16,83.66
2023-07-17,84.16
2023-07-18,84.60
2023-07-19,85.03
2023-07-20,85.01
2023-07-21,84.95
2023-07-22,84.54
2023-07-23,84.37
2023-07-24,84.13
2023-07-25,83.95
2023-07-26,83.75
2023-07-27,83.12
2023-07-28,82.60
2023-07-29,82.35
2023-07-30,81.86
2023-07-31,81.35
2023-08-01,80.83
2023-08-02,80.25
2023-08-03,79.99
2023-08-04,79.70
2023-08-05,79.54
2023-08-06,79.32
2023-08-07,79.13
2023-08-08,78.98
2023-08-09,78.89
2023-08-10,78.80
2023-08-11,78.71
2023-08-12,78.49
2023-08-13,78.49
2023-08-14,78.44
2023-08-15,78.33
2023-08-16,78.27
2023-08-17,78.30
2023-08-18,78.51
2023-08-19,78.63
2023-08-20,78.57
2023-08-21,78.62
2023-08-22,78.70
2023-08-23,78.78
2023-08-24,78.80
2023-08-25,78.57
2023-08-26,78.47
2023-08-27,78.43
2023-08-28,78.35
2023-08-29,78.32
2023-08-30,78.24
2023-08-31,78.17
2023-09-01,78.24
2023-09-02,78.40
2023-09-03,78.49
2023-09-04,78.59
2023-09-05,78.61
2023-09-06,78.59
2023-09-07,78.60
2023-09-08,78.56
2023-09-09,78.46
2023-09-10,78.36
2023-09-11,78.25
2023-09-12,78.13
2023-09-13,78.08
2023-09-14,77.94
2023-09-15,77.68
2023-09-16,77.43
2023-09-17,77.03
2023-09-18,76.55
2023-09-19,76.14
2023-09-20,75.69
2023-09-21,75.20
2023-09-22,74.87
2023-09-23,74.46
2023-09-24,74.25
2023-09-25,74.13
2023-09-26,74.03
2023-09-27,73.98
2023-09-28,74.08
2023-09-29,74.04
2023-09-30,73.99
2023-10-01,74.00
2023-10-02,74.01
2023-10-03,74.00
2023-10-04,74.00
2023-10-05,73.94
2023-10-06,73.98
2023-10-07,74.15
2023-10-08,74.19
2023-10-09,74.23
2023-10-10,74.26
2023-10-11,74.23
2023-10-12,74.27
2023-10-13,74.30
2023-10-14,74.34
2023-10-15,74.48
2023-10-16,74.48
2023-10-17,74.53
2023-10-18,74.54
2023-10-19,74.58
2023-10-20,74.56
2023-10-21,74.32
2023-10-22,74.20
2023-10-23,74.16
2023-10-24,74.04
2023-10-25,73.99
2023-10-26,73.80
2023-10-27,73.64
2023-10-28,73.63
2023-10-29,73.44
2023-10-30,73.30
2023-10-31,73.07
2023-11-01,72.92
2023-11-02,72.86
2023-11-03,72.89
2023-11-04,72.91
2023-11-05,72.98
2023-11-06,73.02
2023-11-07,73.16
2023-11-08,73.20
2023-11-09,73.25
2023-11-10,73.25
2023-11-11,73.26
2023-11-12,73.23
2023-11-13,73.22
2023-11-14,73.19
2023-11-15,73.15
2023-11-16,73.15
2023-11-17,73.20
2023-11-18,73.19
2023-11-19,73.27
2023-11-20,73.32
2023-11-21,73.41
2023-11-22,73.46
2023-11-23,73.42
2023-11-24,73.34
2023-11-25,73.30
2023-11-26,73.15
2023-11-27,73.02
2023-11-28,72.90
2023-11-29,72.82
2023-11-30,72.66
2023-12-01,72.55
2023-12-02,72.51
2023-12-03,72.52
2023-12-04,72.54
2023-12-05,72.51
2023-12-06,72.70
2023-12-07,72.96
2023-12-08,73.17
2023-12-09,73.20
2023-12-10,73.37
2023-12-11,73.50
2023-12-12,73.60
2023-12-13,73.52
2023-12-14,73.49
2023-12-15,73.42
2023-12-16,73.47
2023-12-17,73.39
2023-12-18,73.38
2023-12-19,73.47
2023-12-20,73.54
2023-12-21,73.55
2023-12-22,73.56
2023-12-23,73.56
2023-12-24,73.56
2023-12-25,73.55
2023-12-26,73.53
2023-12-27,73.53
2023-12-28,73.54
2023-12-29,73.62
2023-12-30,73.63
2023-12-31,73.59
2024-01-01,73.57
2024-01-02,73.53
2024-01-03,73.52
2024-01-04,73.44
2024-01-05,73.37
2024-01-06,73.31
2024-01-07,73.31
2024-01-08,73.25
2024-01-09,73.13
2024-01-10,73.02
2024-01-11,72.98
2024-01-12,72.89
2024-01-13,72.82
2024-01-14,72.80
2024-01-15,72.85
2024-01-16,72.90
2024-01-17,72.92
2024-01-18,72.93
2024-01-19,72.98
2024-01-20,73.06
2024-01-21,72.97
2024-01-22,72.85
2024-01-23,72.74
2024-01-24,72.66
2024-01-25,72.52
2024-01-26,72.25
2024-01-27,72.10
2024-01-28,72.04
2024-01-29,71.95
2024-01-30,71.85
2024-01-31,71.66
2024-02-01,71.63
2024-02-02,71.72
2024-02-03,71.71
2024-02-04,71.68
2024-02-05,71.54
2024-02-06,71.49
2024-02-07,71.50
2024-02-08,71.42
2024-02-09,71.39
2024-02-10,71.30
2024-02-11,71.24
2024-02-12,71.25
2024-02-13,71.23
2024-02-14,71.21
2024-02-15,71.19
2024-02-16,71.13
2024-02-17,70.92
2024-02-18,70.90
2024-02-19,70.93
2024-02-20,70.94
2024-02-21,70.93
2024-02-22,70.90
2024-02-23,70.79
2024-02-24,70.93
2024-02-25,70.87
2024-02-26,70.75
2024-02-27,70.65
2024-02-28,70.56
2024-02-29,70.47
2024-03-01,70.47
2024-03-02,70.33
2024-03-03,70.27
2024-03-04,70.27
2024-03-05,70.24
2024-03-06,70.30
2024-03-07,70.30
2024-03-08,70.29
2024-03-09,70.40
2024-03-10,70.40
2024-03-11,70.37
2024-03-12,70.33
2024-03-13,70.25
2024-03-14,70.22
2024-03-15,70.21
2024-03-16,70.17
2024-03-17,70.21
2024-03-18,70.26
2024-03-19,70.37
2024-03-20,70.40
2024-03-21,70.43
2024-03-22,70.43
2024-03-23,70.44
2024-03-24,70.40
2024-03-25,70.40
2024-03-26,70.28
2024-03-27,70.19
2024-03-28,70.13
2024-03-29,70.12
2024-03-30,70.12
2024-03-31,70.15
2024-04-01,70.06
2024-04-02,70.04
2024-04-03,70.10
2024-04-04,70.12
2024-04-05,70.06
2024-04-06,70.00
2024-04-07,69.93
2024-04-08,69.94
2024-04-09,69.92
2024-04-10,69.93
2024-04-11,70.00
2024-04-12,70.10
2024-04-13,70.12
2024-04-14,70.15
2024-04-15,70.21
2024-04-16,70.23
2024-04-17,70.21
2024-04-18,70.12
2024-04-19,70.00
2024-04-20,69.74
2024-04-21,69.64
2024-04-22,69.48
2024-04-23,69.39
2024-04-24,69.16
2024-04-25,68.97
2024-04-26,68.73
2024-04-27,68.76
2024-04-28,68.64
2024-04-29,68.50
2024-04-30,68.36
2024-05-01,68.29
2024-05-02,68.20
2024-05-03,68.16
2024-05-04,68.03
2024-05-05,67.94
2024-05-06,67.91
2024-05-07,67.88
2024-05-08,67.84
2024-05-09,67.88
2024-05-10,67.97
2024-05-11,68.03
2024-05-12,68.03
2024-05-13,67.99
2024-05-14,67.99
2024-05-15,68.08
2024-05-16,68.07
2024-05-17,68.02
2024-05-18,67.84
2024-05-19,67.60
2024-05-20,67.31
2024-05-21,66.99
2024-05-22,67.08
2024-05-23,67.15
2024-05-24,67.29
2024-05-25,67.60
2024-05-26,68.05
2024-05-27,68.54
2024-05-28,69.00
2024-05-29,68.95
2024-05-30,68.97
2024-05-31,68.94
2024-06-01,69.00
2024-06-02,69.00
2024-06-03,69.05
2024-06-04,69.10
2024-06-05,69.24
2024-06-06,69.37
2024-06-07,69.47
2024-06-08,69.55
2024-06-09,69.59
2024-06-10,69.60
2024-06-11,69.61
2024-06-12,69.58
2024-06-13,69.51
2024-06-14,69.42
2024-06-15,69.16
2024-06-16,69.09
2024-06-17,69.03
2024-06-18,69.01
2024-06-19,69.02
2024-06-20,69.10
2024-06-21,69.26
2024-06-22,69.47
2024-06-23,69.56
2024-06-24,69.64
2024-06-25,69.70
2024-06-26,69.74
2024-06-27,69.81
2024-06-28,69.77
2024-06-29,69.74
2024-06-30,69.72
2024-07-01,69.68
2024-07-02,69.66
2024-07-03,69.60
2024-07-04,69.51
2024-07-05,69.43
2024-07-06,69.36
2024-07-07,69.31
2024-07-08,69.31
2024-07-09,69.30
2024-07-10,69.36
2024-07-11,69.39
2024-07-12,69.49
2024-07-13,69.68
2024-07-14,69.75
2024-07-15,69.83
2024-07-16,69.83
2024-07-17,69.79
2024-07-18,69.70
2024-07-19,69.59
2024-07-20,69.24
2024-07-21,69.18
2024-07-22,69.09
2024-07-23,69.04
2024-07-24,69.00
2024-07-25,68.98
2024-07-26,68.97
2024-07-27,69.10
2024-07-28,69.01
2024-07-29,68.95
2024-07-30,68.93
2024-07-31,68.89
2024-08-01,68.94
2024-08-02,68.85
2024-08-03,68.71
2024-08-04,68.57
2024-08-05,68.41
2024-08-06,68.25
2024-08-07,68.08
2024-08-08,67.89
2024-08-09,67.80
2024-08-10,67.69
2024-08-11,67.64
2024-08-12,67.62
2024-08-13,67.65
2024-08-14,67.63
2024-08-15,67.54
2024-08-16,67.48
2024-08-17,67.54
2024-08-18,67.64
2024-08-19,67.57
2024-08-20,67.48
2024-08-21,67.42
2024-08-22,67.44
2024-08-23,67.55
2024-08-24,67.55
2024-08-25,67.37
2024-08-26,67.33
2024-08-27,67.35
2024-08-28,67.48
2024-08-29,67.62
2024-08-30,67.66
2024-08-31,67.79
2024-09-01,68.05
2024-09-02,68.29
2024-09-03,68.37
2024-09-04,68.46
2024-09-05,68.50
2024-09-06,68.54
2024-09-07,68.67
2024-09-08,68.72
2024-09-09,68.78
2024-09-10,68.94
2024-09-11,69.02
2024-09-12,69.08
2024-09-13,69.12
2024-09-14,69.09
2024-09-15,69.04
2024-09-16,69.01
2024-09-17,68.99
2024-09-18,68.94
2024-09-19,68.95
2024-09-20,68.98
2024-09-21,68.93
2024-09-22,68.87
2024-09-23,68.78
2024-09-24,68.68
2024-09-25,68.62
2024-09-26,68.50
2024-09-27,68.26
2024-09-28,68.06
2024-09-29,67.96
2024-09-30,67.97
2024-10-01,67.89
2024-10-02,67.75
2024-10-03,67.64
2024-10-04,67.79
2024-10-05,67.94
2024-10-06,68.01
2024-10-07,68.02
2024-10-08,68.11
2024-10-09,68.23
2024-10-10,68.19
2024-10-11,67.99
2024-10-12,67.82
2024-10-13,67.66
2024-10-14,67.50
2024-10-15,67.40
2024-10-16,67.17
2024-10-17,67.15
2024-10-18,67.17
2024-10-19,67.12
2024-10-20,67.20
2024-10-21,67.24
2024-10-22,67.26
2024-10-23,67.36
2024-10-24,67.36
2024-10-25,67.34
2024-10-26,67.42
2024-10-27,67.37
2024-10-28,67.35
2024-10-29,67.30
2024-10-30,67.25
2024-10-31,67.26
2024-11-01,67.32
2024-11-02,67.39
2024-11-03,67.51
2024-11-04,67.59
2024-11-05,67.65
2024-11-06,67.71
2024-11-07,67.73
2024-11-08,67.73
2024-11-09,67.65
2024-11-10,67.60
2024-11-11,67.57
2024-11-12,67.52
2024-11-13,67.48
2024-11-14,67.46
2024-11-15,67.43
2024-11-16,67.44
2024-11-17,67.36
2024-11-18,67.37
2024-11-19,67.40
2024-11-20,67.38
2024-11-21,67.33
2024-11-22,67.32
2024-11-23,67.30
2024-11-24,67.31
2024-11-25,67.22
2024-11-26,67.18
2024-11-27,67.24
2024-11-28,67.35
2024-11-29,67.44
2024-11-30,67.51
2024-12-01,67.60
2024-12-02,67.76
2024-12-03,67.88
2024-12-04,67.98
2024-12-05,68.09
2024-12-06,68.15
2024-12-07,68.23
2024-12-08,68.25
2024-12-09,68.30
2024-12-10,68.35
2024-12-11,68.34
2024-12-12,68.34
2024-12-13,68.33
2024-12-14,68.19
2024-12-15,68.27
2024-12-16,68.26
2024-12-17,68.27
2024-12-18,68.28
2024-12-19,68.26
2024-12-20,68.32
2024-12-21,68.45
2024-12-22,68.46
2024-12-23,68.48
2024-12-24,68.48
2024-12-25,68.51
2024-12-26,68.55
2024-12-27,68.53
2024-12-28,68.57
2024-12-29,68.56
2024-12-30,68.57
2024-12-31,68.56
2025-01-01,68.28
2025-01-02,67.99
2025-01-03,67.70
2025-01-04,67.24
2025-01-05,66.88
2025-01-06,66.52
2025-01-07,66.18
2025-01-08,66.16
2025-01-09,66.19
2025-01-10,66.28
2025-01-11,66.40
2025-01-12,66.57
2025-01-13,66.76
2025-01-14,66.96
2025-01-15,67.17
2025-01-16,67.36
2025-01-17,67.55
2025-01-18,67.64
2025-01-19,67.74
2025-01-20,67.76
2025-01-21,67.70
2025-01-22,67.58
2025-01-23,67.48
2025-01-24,67.37
2025-01-25,67.36
2025-01-26,67.26
2025-01-27,67.16
2025-01-28,67.13
2025-01-29,67.14
2025-01-30,67.11
2025-01-31,67.08
2025-02-01,67.02
2025-02-02,66.97
2025-02-03,66.92
2025-02-04,66.86
2025-02-05,66.74
2025-02-06,66.64
2025-02-07,66.48
2025-02-08,66.35
2025-02-09,66.22
2025-02-10,66.12
2025-02-11,66.04
2025-02-12,66.00
2025-02-13,65.92
2025-02-14,65.84
2025-02-15,65.51
2025-02-16,65.45
2025-02-17,65.34
2025-02-18,65.09
2025-02-19,64.82
2025-02-20,64.53
2025-02-21,64.22
2025-02-22,64.27
2025-02-23,64.03
2025-02-24,63.78
2025-02-25,63.60
2025-02-26,63.46
2025-02-27,63.39
2025-02-28,63.39
2025-03-01,63.22
2025-03-02,63.22
2025-03-03,63.22
2025-03-04,63.29
2025-03-05,63.28
2025-03-06,63.32
2025-03-07,63.26
2025-03-08,63.28
2025-03-09,63.16
2025-03-10,63.00
2025-03-11,62.81
2025-03-12,62.69
2025-03-13,62.47
2025-03-14,62.34
2025-03-15,62.25
2025-03-16,62.20
2025-03-17,62.16
2025-03-18,62.14
2025-03-19,62.17
2025-03-20,62.26
2025-03-21,62.44
2025-03-22,62.51
2025-03-23,62.59
2025-03-24,62.67
2025-03-25,62.79
2025-03-26,62.80
2025-03-27,62.76
2025-03-28,62.66
2025-03-29,62.61
2025-03-30,62.58
2025-03-31,62.59
2025-04-01,62.62
2025-04-02,62.71
2025-04-03,62.85
2025-04-04,63.09
2025-04-05,63.35
2025-04-06,63.61
2025-04-07,63.86
2025-04-08,63.98
2025-04-09,64.12
2025-04-10,64.14
2025-04-11,64.00
2025-04-12,63.87
2025-04-13,63.68
2025-04-14,63.38
2025-04-15,63.22
2025-04-16,63.01
2025-04-17,62.99
2025-04-18,62.97
2025-04-19,62.84
2025-04-20,62.86
2025-04-21,62.97
2025-04-22,62.99
2025-04-23,63.02
2025-04-24,62.95
2025-04-25,62.86
2025-04-26,62.85
2025-04-27,62.78
2025-04-28,62.70
2025-04-29,62.56
2025-04-30,62.54
2025-05-01,62.49
2025-05-02,62.56
2025-05-03,62.62
2025-05-04,62.59
2025-05-05,62.44
2025-05-06,62.52
2025-05-07,62.49
2025-05-08,62.37
2025-05-09,62.26
2025-05-10,62.21
2025-05-11,62.06
2025-05-12,62.00
2025-05-13,61.77
2025-05-14,61.49
2025-05-15,61.36
2025-05-16,61.15
2025-05-17,60.72
2025-05-18,60.70
2025-05-19,60.74
2025-05-20,60.76
2025-05-21,60.93
2025-05-22,61.14
2025-05-23,61.39
2025-05-24,61.86
2025-05-25,62.10
2025-05-26,62.34
2025-05-27,62.57
2025-05-28,62.63
2025-05-29,62.74
2025-05-30,62.86
2025-05-31,62.97
2025-06-01,63.12
2025-06-02,63.28
2025-06-03,63.47
2025-06-04,63.81
2025-06-05,64.12
2025-06-06,64.33
2025-06-07,64.58
2025-06-08,64.80
2025-06-09,64.93
2025-06-10,65.06
2025-06-11,65.24
2025-06-12,65.28
2025-06-13,65.36
2025-06-14,65.19
2025-06-15,65.23
2025-06-16,65.29
2025-06-17,65.27
2025-06-18,65.33
2025-06-19,65.44
2025-06-20,65.51
2025-06-21,65.75
2025-06-22,65.76
2025-06-23,65.80
2025-06-24,65.88
2025-06-25,65.79
2025-06-26,65.67
2025-06-27,65.62
2025-06-28,65.54
2025-06-29,65.51
2025-06-30,65.33
2025-07-01,65.08
2025-07-02,64.82
2025-07-03,64.57
2025-07-04,64.30
2025-07-05,64.06
2025-07-06,63.77
2025-07-07,63.64
2025-07-08,63.55
2025-07-09,63.53
2025-07-10,63.62
2025-07-11,63.72
2025-07-12,63.77
2025-07-13,63.90
2025-07-14,63.95
2025-07-15,64.14
2025-07-16,64.33
2025-07-17,64.51
2025-07-18,64.65
2025-07-19,64.73
2025-07-20,64.95
2025-07-21,65.18
2025-07-22,65.31
2025-07-23,65.39
2025-07-24,65.45
2025-07-25,65.43
2025-07-26,65.48
2025-07-27,65.35
2025-07-28,65.31
2025-07-29,65.27
2025-07-30,65.20
2025-07-31,65.09
2025-08-01,65.27
2025-08-02,65.32
2025-08-03,65.35
2025-08-04,65.32
2025-08-05,65.34
2025-08-06,65.39
2025-08-07,65.40
2025-08-08,65.27
2025-08-09,65.23
2025-08-10,65.34
2025-08-11,65.44
2025-08-12,65.27
2025-08-13,65.26
2025-08-14,65.27
2025-08-15,65.33
2025-08-16,65.47
2025-08-17,65.50
2025-08-18,65.60
2025-08-19,65.88
2025-08-20,66.03
2025-08-21,66.16
2025-08-22,66.19
