time,value
0,-2.288060969608583
1,6.748525850120614
2,3.610596445525124
3,2.748985939262525
4,0.35421005750762846
5,-1.010092192295137
6,0.06366882690286202
7,0.14758794393665936
8,2.787257798610736
9,-0.7845600854922109
10,-5.429397344562564
11,6.011850445436825
12,-2.686213024171192
13,5.898032922534057
14,2.279778915846032
15,3.3649227067345113
16,-0.4400279638362432
17,-3.789161442495982
18,-3.020708366132495
19,1.9971023153077747
20,4.400732871631958
21,-4.053494973361621
22,2.7197238519532467
23,1.6455562824563676
24,-0.8578859262383327
25,1.6906942894583321
26,-0.5379361770698845
27,2.8438300593911126
28,-2.247420288129143
29,-2.6426807320298864
30,-1.2715447100514812
31,-0.5433043692739725
32,-0.6186931484327615
33,1.1735103921007228
34,1.7779737295273894
35,1.3312379390770441
36,-4.530561144852688
37,-5.068269219282823
38,0.41579007388524963
39,3.8167806965702766
40,-1.646018747089138
41,-1.6677118078899549
42,0.22791796945206239
43,4.715988684550632
44,-1.1301337698181402
45,-2.136976660959619
46,-3.335162383718092
47,-1.5118912165258331
48,-1.4032642201630083
49,0.28360402055613065
50,-0.672574918185551
51,-5.596764664226152
52,0.12285887774447629
53,-3.080454506124198
54,0.8385125155935984
55,-1.4785415123733612
56,2.601442848947501
57,-1.924629226090621
58,1.463976782615609
59,-2.490644471668629
60,3.0171922450189506
61,0.5768377512742091
62,-2.4275865104241494
63,1.3700055328944314
64,-4.042504662620266
65,-5.345323611508109
66,-3.347967721383467
67,5.411255111652177
68,4.3010625219371965
69,-2.157107809831948
70,8.287953658830531
71,-4.225983799143362
72,-3.1237803745393276
73,-1.9076210779084601
74,-2.016842878736678
75,-0.7152388142203652
76,6.080846999766291
77,1.9105612376445538
78,2.4324297665184766
79,-0.8841721844505369
80,-0.38912921658442345
81,1.3123540791784727
82,-2.068937221259383
83,-1.2372010452890256
84,2.849476789456341
85,1.630464414692598
86,-0.5373859177887473
87,-1.378125968205223
88,-2.335823976069956
89,1.3588901620393161
90,0.7146163257813459
91,-2.8627942287769113
92,-1.6474087520725271
93,-3.8191303640711123
94,3.7140900665487275
95,-3.6786838801457806
96,-2.816177638622663
97,-0.09506535731700944
98,-1.0009243185114582
99,-0.3246350611721527
100,2.9480375125185323
101,1.3741678686092185
102,4.0803559528980005
103,-2.6304356535757005
104,-0.5363562548993022
105,-2.0775637200776322
106,-0.6016186339929773
107,1.408449325146827
108,-0.6612191878024622
109,-1.4533627853234672
110,-2.0812173714354127
111,1.86410447200494
112,1.3792354443953503
113,0.796449386692375
114,0.34549862539968107
115,-1.261560323010038
116,5.123586117425409
117,-1.1091987459276575
118,0.606147294190984
119,4.2157192656709475
120,4.888329149264219
121,-0.1829531960721441
122,-3.763673413679673
123,-1.351855310958401
124,0.36370077070971407
125,1.2995160533618118
126,-7.120528763163268
127,5.324689297213199
128,-4.805268080882898
129,2.372371683238252
130,1.069620724964092
131,-0.06028835066783647
132,5.427741061490961
133,1.8135197089146686
134,1.1725522019508445
135,0.15899217322066017
136,-1.9509401585641806
137,-0.10858652020474627
138,1.5450310770561646
139,-1.1661598952536458
140,2.4995068336805386
141,3.8056406550875708
142,2.18582149013569
143,-2.1210607624994284
144,0.17890060746087716
145,7.4245008440643225
146,6.0664009880744345
147,0.5221973818426445
148,1.7149110830740322
149,-2.355983615955821
150,5.872488691634344
151,-0.810802725704762
152,-2.3240208526229216
153,3.5676941645222637
154,-1.257256413423431
155,4.313161258300783
156,-2.9325928564325907
157,3.562071836917344
158,-0.8397129845591559
159,2.0016722626318413
160,-2.2246519383510712
161,1.854751126538677
162,-4.859462794500325
163,1.9949650966719565
164,1.3894178042241132
165,0.10051321939615887
166,-1.5399388666758234
167,1.9114494442279872
168,0.1275463025498431
169,-2.5366055870835855
170,-1.2034322071801595
171,1.631429806291563
172,6.578316486793769
173,5.14007575639727
174,1.3351433404775246
175,1.4325947950179596
176,-0.255381597393621
177,0.5045510839268321
178,-2.996032455251141
179,-2.395765408633517
180,5.7874986225815865
181,-1.6565613774484913
182,-1.5540143368209192
183,3.41604053967801
184,-4.847238614513232
185,-1.8076939318963117
186,-1.344512624653273
187,-0.20401266189376144
188,-2.5873211438182078
189,-2.198188814842408
190,5.668261815600363
191,1.8058021521226313
192,4.554502807172908
193,4.440160367885677
194,1.7379370176645157
195,-1.5703608209022706
196,-8.822599201659386
197,3.501923550885485
198,4.708170126833158
199,4.359513137625733
200,-1.8642781715858758
201,-3.553171876107999
202,-5.010584292661942
203,3.850759982462936
204,-3.7963276019146344
205,-0.08458668175258172
206,1.40705690126271
207,-1.1184510884218792
208,1.2794587706560883
209,-2.1742694852348214
210,-0.4000962124023
211,2.3984743533551027
212,-3.6181977846069993
213,1.6280358690158234
214,1.3736839045039178
215,-1.146529480862709
216,0.4164785611342261
217,-1.0583938636372339
218,-4.392792954988202
219,2.5307621256340678
220,-4.715147395096137
221,1.8218894902389686
222,4.385843456745815
223,1.84009385856237
224,-4.945121221173957
225,1.2431288852719642
226,-4.444517427516797
227,-1.9268690264732626
228,0.26927478254484283
229,-7.5126227132959125
230,1.4782020223534427
231,-0.6046419663710212
232,3.140187636470124
233,-0.5796214575424514
234,0.9005972222704273
235,3.9657954740280856
236,2.552182196058643
237,3.2510209854480023
238,1.212181656734042
239,-5.515186578580438
240,-2.9223387233164857
241,3.5148373888525333
242,0.5628527856042299
243,1.2859342118932149
244,-2.254594731254647
245,-3.484756929676331
246,1.7918767684286996
247,1.0811102849937482
248,-2.5124876954750643
249,0.3818356876140118
250,1.6292671232223874
251,2.39063001642935
252,-3.786627546994032
253,-3.4346664979762433
254,-1.0329376471881744
255,1.4598503983222622
256,1.4236347976457624
257,-0.642869048930801
258,0.6405389428182928
259,-1.1532323705628684
260,-0.762468174082997
261,-0.9709102653292662
262,-4.110786287018348
263,0.07334191608797923
264,-4.242586625881211
265,-1.364498077952815
266,0.38818067537826934
267,6.046964812724177
268,-4.840707905482787
269,-2.1105508090348764
270,4.477198999343346
271,-1.3792912146914849
272,-0.3963470873418018
273,-2.6472580533932804
274,6.31482037677705
275,1.6372564970169616
276,3.40615569192506
277,3.4936906995249286
278,-0.4142637796806941
279,1.943002121007225
280,-1.206350458536897
281,-1.482730307115974
282,0.37077806313961476
283,0.18371949079585553
284,-0.3234690950746111
285,5.140193238487595
286,0.6465635061069819
287,1.3395007751275145
288,-2.789291864759244
289,-5.696377585301506
290,0.7720402188707892
291,-1.654861581146224
292,4.281949615789523
293,-5.788062328127846
294,1.3212157167770802
295,-2.4907976333834996
296,1.3899702537153933
297,-6.11563882535783
298,2.859941742933999
299,1.2144058484938896
300,2.2130806685459
301,1.6577846561032983
302,-3.148601316562387
303,-1.1040963002203048
304,1.024521009823561
305,1.726402166183318
306,0.5843865302263982
307,-1.2778156000230039
308,-1.0755116807553629
309,-0.01660454231285327
310,-0.5182361389044894
311,0.6926230416329334
312,-0.7758132973756161
313,-4.784342383578484
314,-7.422119563392129
315,3.0275495351199053
316,3.3710892344557175
317,-3.3909832160875313
318,-3.4713937559376733
319,-2.9944784909487607
320,1.7545707172883347
321,2.8732101941744634
322,2.1242991526467954
323,-1.3372239872385612
324,-2.0651331449192836
325,-3.5403786525462806
326,1.0579732746009831
327,-3.7238276305354514
328,-3.0106020733937306
329,1.9191280230639536
330,-1.747817682081455
331,-3.2892347993345172
332,-2.8298798680029673
333,0.7844253475601337
334,4.3698144431967965
335,0.4803485867169896
336,2.6813943091208197
337,1.3795968124630251
338,1.67933998440737
339,-2.0155764328094654
340,-2.0084893528567065
341,1.6430338405005915
342,2.4241780855819686
343,-2.1653285233078785
344,-0.2686401090822734
345,-6.410592163510337
346,1.240397514497492
347,3.829331498972336
348,4.065794802404218
349,1.213258464677051
350,0.6526712196293993
351,3.5577288976950507
352,1.016594807159185
353,0.3650094162908073
354,6.360090133681753
355,3.150869355724548
356,0.17935350550481924
357,0.46942926175662214
358,0.9952773138292081
359,-1.0133032380856886
360,-0.35621256985813554
361,-5.279354856089026
362,2.2898548036929034
363,-2.398440828424178
364,-2.905282438633164
365,-5.506358684801502
366,2.3444442396087295
367,-1.8124044609217806
368,-2.191054228334055
369,-4.309234778360929
370,-3.7515525558932095
371,-1.1243472141142064
372,1.251398019873644
373,4.338897324228413
374,-4.64465553283882
375,-2.9638420325223276
376,2.1283087053427368
377,-5.268978353795983
378,3.8233703477859677
379,-0.5564648459516924
380,1.6369076202751511
381,2.40702285689406
382,-5.682833093331794
383,-0.7727776445280641
384,2.787066335193646
385,-0.9215800365931697
386,0.8598548357427602
387,-0.5044760170864364
388,2.914423889497836
389,-1.888099227100838
390,-0.9357435884733886
391,1.4274398183929957
392,2.505848394248744
393,5.796861896298787
394,3.1462187459487683
395,-1.0300003272425542
396,-0.8846952972224202
397,8.707963237264321
398,-3.1747302629960537
399,0.376847059583046
400,5.076438743290226
401,2.935840589286229
402,0.9418094297058389
403,-2.619106052804008
404,-0.9611516400022941
405,1.1300289267517039
406,-3.2953523604255333
407,-0.30167074387936765
408,1.781858956054826
409,0.958986305027018
410,4.96623896508958
411,1.5457498310891622
412,-3.5608423624468415
413,2.635887666683231
414,1.8832899133802732
415,-2.0661354889147026
416,-2.288242144580642
417,0.5678650057753791
418,-5.611734877145539
419,0.04249934833345487
420,-3.462991642647914
421,1.9612722103200315
422,4.9332397263460495
423,2.4193317764874163
424,4.038672868820547
425,-0.4405417694805053
426,-1.6779061039513539
427,3.9337714364532674
428,2.393826812975508
429,-0.0743304621456563
430,1.0051487842872762
431,0.8760353004743794
432,0.38471018451574096
433,4.3191476933258555
434,1.3532269034170783
435,-3.183408098602377
436,-3.192354218343744
437,1.5267428924792548
438,-2.7613166318453857
439,2.3396060606138427
440,3.132332468868457
441,-1.0933742359631298
442,-2.172429746495384
443,3.1479045003719337
444,-0.10196212805500687
445,-1.2616216374258316
446,-4.228180156214515
447,2.7057925488476906
448,4.017636855820641
449,5.151516086436978
450,-1.6990479501071207
451,-0.4385555438383849
452,0.31457209890127846
453,-1.0434266139801036
454,-1.1502685569282927
455,2.198965987136612
456,3.176105193982635
457,0.7498460212503733
458,1.613978873696447
459,-1.2342074314956546
460,-4.222923457441645
461,5.1033923084210935
462,1.2336832734366514
463,2.697689768798509
464,-1.3741671036868723
465,0.7232162085799341
466,-2.3362920984746394
467,-0.10609208655645419
468,-3.338383648643362
469,3.0358828601943157
470,-4.306434345226592
471,0.25206416407448207
472,-0.09951728202218202
473,-6.218415778957228
474,1.1070237153765017
475,0.05458446509930345
476,4.057205338415076
477,0.9395028903818765
478,2.410783989353979
479,-0.9778243836297009
480,1.842026521377199
481,1.6827755639684654
482,1.0547626395846836
483,0.1855540186049624
484,1.1947102279057789
485,-0.06640495506310351
486,5.732525637778239
487,-2.350517467814791
488,-2.1852660363984717
489,2.7945482537061115
490,1.9046278161434613
491,2.8848801812211273
492,-2.3915927788082696
493,1.2198651483933234
494,-1.281702250012799
495,0.5313203596882728
496,2.7847122889260305
497,5.1867179735234625
498,0.6171597983516415
499,5.132539601704821
500,4.685785724146685
501,-1.7266505942459225
502,0.023281819767992568
503,0.03490412887217206
504,-1.2083903932822184
505,-0.8694923905025724
506,-0.5775059915220916
507,1.9249895542847981
508,-5.743756005302272
509,4.46412055853536
510,6.4266153373177595
511,0.3420145373004956
512,5.552895187225532
513,1.7445164565325864
514,4.659704720444452
515,-0.4711468871364306
516,3.048177461385349
517,-6.9257679388782565
518,0.699787667574151
519,-2.208084106440828
520,-1.3863118745079128
521,8.711864373873286
522,1.549954483808289
523,7.439355752459716
524,-1.4384018674925032
525,-6.27343942561222
526,-2.20635720625012
527,4.47776858692015
528,-2.966594912572951
529,2.6408868953968643
530,4.0283087031453215
531,1.3201343588876528
532,4.942457334342928
533,-0.5689586363551158
534,0.2574556853637139
535,-1.3332119199745334
536,0.22503780144681054
537,-0.39770621831805336
538,4.439301361104284
539,3.661892019923456
540,-4.678872962303544
541,-0.7370246062472487
542,-7.086772630930866
543,0.3750360586274437
544,-1.4663773215496816
545,2.3040040012997482
546,-1.2281119402068397
547,0.042472691148344933
548,4.938898027481061
549,-0.5525727798032425
550,-3.2797395077640337
551,2.3645689415363536
552,0.2398449329840462
553,1.560501703367041
554,-6.705252696617892
555,-0.40100343826614826
556,1.377925311864839
557,-0.5433823740454301
558,-2.270614385730496
559,-2.8169358659840524
560,-3.058008075809031
561,-2.40192298578032
562,-5.045378908530647
563,-0.06861494629035969
564,-1.2144955682653162
565,0.5771557834762638
566,1.0132606713415508
567,1.286303711330154
568,2.0672690562569245
569,2.891846500146766
570,-2.8290176497970534
571,0.6051480473933122
572,-0.5350248921016303
573,-0.837165593482998
574,1.2068550665277091
575,-1.9550676303833308
576,1.536885337928879
577,-4.6722862499447695
578,-0.1437398004358874
579,-0.3414467601223514
580,3.267149012884662
581,-3.812084750335076
582,-1.0552314883638294
583,1.4096729942348243
584,0.170801041949857
585,0.6952919396474628
586,-4.1796776675237135
587,-2.223705787802208
588,-0.22218291706294338
589,-2.009556307589238
590,-1.3683114116463853
591,-5.059912956613141
592,0.3408047672719383
593,-2.9298612996560944
594,-2.938141648028493
595,-1.6307316289352576
596,1.6919663071352322
597,-3.491083365851633
598,4.210744619912137
599,0.4821296360979062
600,-1.4568907364373445
601,5.938493581701302
602,0.3530958350506533
603,-3.3596926507075633
604,4.27768832100459
605,6.753752387255514
606,-0.4838437168086409
607,0.47059056091677554
608,0.7611643905367003
609,6.93681467881697
610,1.3497650737627522
611,0.7967883233525539
612,1.1218882809202033
613,2.1639972970249617
614,-0.6799123984770045
615,1.9625467078893364
616,0.6397763248622281
617,1.3314818538047224
618,-1.2318185175213783
619,-4.1746464755177755
620,-3.4981044261088887
621,-1.161465594049545
622,1.1155596979191622
623,3.5889235935538997
624,4.1159401183604825
625,2.7533514878019583
626,-2.0591004323062516
627,2.9664502000478183
628,1.804444323150343
629,3.4339940512275122
630,4.25626825615251
631,-0.3512232711026224
632,2.5707186899692864
633,-0.7152340804042994
634,0.059647898114858544
635,-1.23279490474522
636,-0.2785236104782005
637,0.21440988639405983
638,0.6079753371276446
639,-0.020576619595013557
640,-6.00560374528968
641,-0.668505143552458
642,7.723247159510821
643,2.0889556803776212
644,8.933360841159107
645,-7.029170248280811
646,-3.203569495207884
647,1.209637129453547
648,0.049452328404474666
649,0.812545696089596
650,-0.7535325098875768
651,-1.009952929216561
652,0.3114777027795478
653,0.17550531549131865
654,-4.469515048876346
655,-2.6522554191672874
656,-0.6728077952122328
657,1.8869899685184146
658,-2.206635253847913
659,7.407476214679516
660,-3.1373094513029134
661,-2.4999228013272377
662,-1.4238291053295808
663,3.48163811851815
664,-1.260045142963588
665,3.6254476353257292
666,-0.3021804892933917
667,0.14386016064670076
668,0.46701527036284896
669,-1.3217425689347377
670,2.054780886240004
671,-2.904091310374822
672,3.747425716090039
673,-5.362977697698406
674,-1.5486541734851884
675,-3.32450333174542
676,-1.048423475071587
677,3.374977350845479
678,0.44519248695797825
679,3.2107656516723426
680,1.3253035454773263
681,3.960461036901939
682,0.5970474842664312
683,0.2728377499884982
684,-5.21301139532849
685,0.18931821146407293
686,0.16517487956194388
687,-0.23397165549114596
688,-0.028764490800583076
689,2.7921300290406075
690,-2.4717917949551595
691,1.195968701912739
692,-2.6917305952548474
693,-1.8953628030443255
694,-0.8257705329203968
695,-2.547921943633619
696,-1.9121677403492494
697,-0.9645407598161149
698,-2.7525616194345237
699,-0.03207946778834525
700,-5.2750045975947994
701,2.450077160231649
702,-0.24706921409778326
703,-2.8919163819258378
704,-0.7728671850371935
705,4.403995173552315
706,-0.3241299507588161
707,-0.4736799780710249
708,1.13552717362406
709,-0.355962372109153
710,-3.225859504097696
711,-0.729624318927471
712,2.1933987160537316
713,-1.058464402798544
714,4.140519078788893
715,1.418334596805189
716,-0.9091925682387227
717,2.025519452419405
718,-3.7807028829536926
719,-2.521277697931425
720,0.9806019326615992
721,-0.704213629708336
722,-0.4649819155463729
723,-0.32351915244080376
724,2.4080953605214006
725,0.1116025530762591
726,-3.3771304177385097
727,0.9155356841380404
728,1.4319160171304226
729,-2.432832184393676
730,0.31501128507264176
731,0.3906616694857427
732,-0.695424863648732
733,1.980948982221791
734,3.4504621503360196
735,1.6604434095089209
736,-5.445677436997803
737,3.631907618671303
738,2.2172926235193895
739,3.7736191493975544
740,-2.141776647077989
741,-3.5041902053123817
742,4.7303380307458776
743,-2.7096037561608273
744,-1.38500977210117
745,-4.806587155834667
746,-3.481030345710361
747,2.3115070689371873
748,2.0170674377315705
749,3.189155470810526
750,2.844405934537255
751,1.1032139622102846
752,1.1700896218358947
753,-0.7165321513539473
754,-1.8862695251923038
755,0.37661159261749955
756,3.826052815827067
757,-3.028024539972486
758,-1.5010316669169852
759,0.9709224513474122
760,-1.3330348501328668
761,2.2674017097145702
762,-0.7252513821652863
763,-6.518798417837263
764,-2.536377033371462
765,-1.0946270171677015
766,-1.1075867421320416
767,2.241219056295552
768,-1.4007212591281173
769,2.349795293966544
770,0.1284528392613183
771,2.8445239579792156
772,-4.486363899623253
773,-0.39189915518309476
774,-2.9434961870897216
775,3.1025767657490246
776,0.23307746839329085
777,-1.6057483704023796
778,-3.0379184351188906
779,3.955312768781732
780,-3.5092901769610267
781,2.289529373667804
782,0.653612091380201
783,-1.8309056177849736
784,0.26784129107716786
785,-3.9642958494573564
786,-1.5103107949115633
787,-5.425688584593218
788,0.5546552249595054
789,-0.6242308882276382
790,0.6139473029477938
791,-0.7868408636044727
792,-1.978777520106596
793,3.278970273349052
794,0.6467468181004392
795,-0.7212953094787594
796,2.1804447651783017
797,-1.041217960179032
798,-1.9015054137936973
799,0.918813436518235
800,5.615576880667943
801,2.0582926061981053
802,3.11103552281704
803,-3.84678444889687
804,-0.8534605646653883
805,-5.046773635538002
806,-0.5273631119880376
807,-0.936132180792007
808,-3.9783357762947267
809,-2.921159429814197
810,-1.5306461316037514
811,-3.8134158342402404
812,-0.8933584485158383
813,2.4999508430401076
814,-0.7447074793886643
815,3.2012229517433717
816,3.8475667196825483
817,0.7794538819875595
818,-4.093793269738786
819,2.5398162649824085
820,-1.384298225384571
821,-0.9709948734969347
822,-0.9791569187299446
823,0.5163810037051701
824,-2.2750332235776423
825,3.7605175993865743
826,0.06672326194621345
827,1.9090328561747274
828,-0.02894302212905564
829,0.8757202474795291
830,1.156640159613387
831,-2.1008547433758347
832,-1.0021445010038263
833,2.9287981719373155
834,0.3363599489002086
835,0.4442436000157058
836,-4.743401361096479
837,3.9893192974205665
838,0.4995471199343907
839,-5.04101734815281
840,-0.24014921703714992
841,0.06915520903032947
842,-0.6803650304136235
843,1.1516756720017944
844,-3.753779168056483
845,-1.7390230290103064
846,-4.466296476672976
847,-2.661897678016361
848,-0.25369017847552044
849,-2.043666615682155
850,-9.15411304771206
851,-1.7633808311881127
852,3.6739722086369873
853,0.4613538687234276
854,-2.9654562710554995
855,-1.1930998690678263
856,0.42656585999168123
857,-2.391257057310774
858,-5.043514268404202
859,3.0910952757557397
860,3.7776940142524684
861,2.693083378709617
862,-3.1831824194621676
863,-5.728082581124832
864,0.591056667469145
865,0.3645284915834309
866,4.548261230163921
867,0.5511379626303909
868,-1.3628555907965323
869,-0.17571277587766831
870,1.7684981263294253
871,-3.8118368554077975
872,0.18868822453371198
873,0.31202257559243596
874,2.742935132701353
875,6.090192309876902
876,2.858866863483538
877,1.979831985730645
878,-0.1980169723885128
879,1.8699306715093376
880,-1.011407332025585
881,-0.6703407307322079
882,-2.2493161728646407
883,5.654497076322971
884,2.3258965783221544
885,-3.3945739411505143
886,-1.5124620534488906
887,6.0036336480720305
888,0.32428107683726026
889,3.8618708658674903
890,0.9789291590993672
891,-2.946169933679908
892,-0.9469916203375194
893,3.7216001613494125
894,1.0328695827025562
895,-0.7897903292579711
896,0.60954163460305
897,-3.180576135963036
898,3.929422349327105
899,0.7387491720847527
900,2.250299877060147
901,-4.102727750700741
902,-0.5121715307899508
903,2.451397646803257
904,5.2258219530558625
905,-3.5096506158048193
906,6.130047115057648
907,-0.14333193762229612
908,-2.5301111915450982
909,2.783032620841282
910,1.735647154762479
911,4.215644473834038
912,-5.627478657098206
913,0.060331776373706784
914,3.5962840384436174
915,-1.423580996075768
916,-0.3886329504937779
917,-2.9854118177344096
918,-1.0597858461086296
919,3.679610774229243
920,-1.0219276502496566
921,2.087148455807598
922,3.5219227429965034
923,1.405786165674896
924,0.07448234417012733
925,-1.5920819460327982
926,-2.1963752938756276
927,0.07960386286231003
928,-0.023290325295073577
929,-1.6301241633611057
930,-4.271491887258652
931,3.878347744321129
932,-1.2824558619479183
933,-0.8473805684536302
934,0.37481814217974296
935,-3.9746838249460494
936,2.1133206126491895
937,-1.305518960411196
938,3.828800930358918
939,-4.695899704242954
940,7.033655667419506
941,-2.803689443275635
942,-3.8136807250703404
943,0.3607431976433286
944,-0.024105016599287474
945,3.4661676272920587
946,1.7808692971686946
947,-0.9839009886816505
948,-0.8696899898882564
949,-1.5232185199284949
950,-3.7385557139506687
951,4.281653512190232
952,1.1383694112515277
953,-6.404599680170391
954,2.017149288502104
955,-0.7394154497288783
956,-2.170484902316293
957,2.0659085387327503
958,0.6138925762892541
959,1.1211065844956882
960,0.07134412624411013
961,2.3927468899464435
962,-1.1364548604432323
963,-1.5405482045891836
964,2.1116782661938647
965,-4.977816842760413
966,-3.8064591725749186
967,1.067028133907975
968,1.9698510356426469
969,-5.679560476340451
970,1.531271589541543
971,3.02566550460776
972,-2.802219785256041
973,-2.442095696484851
974,-3.123530243675846
975,5.80945276676582
976,4.945739466914361
977,0.14099775522459979
978,2.6442083522641653
979,5.52456502859795
980,-4.472410497945001
981,-3.1443048989172997
982,3.6691792126744067
983,-1.6720451657758355
984,0.30975255306882127
985,5.264839440221563
986,1.7609896624528358
987,1.8540359201275325
988,-3.1168761390252837
989,5.0015751226171545
990,0.6793849499624258
991,-4.0572314606167055
992,-3.858182413668464
993,-1.6430739043843916
994,3.091262662670803
995,0.045739094034027566
996,-2.5182194612189885
997,6.687737761824939
998,-3.359435709564297
999,3.175208111832047
1000,-0.7680267553484623
1001,-3.4638192360194884
1002,0.4572092172507267
1003,0.10293465816893355
1004,-3.778037625656691
1005,1.761430153337657
1006,2.5870073756170626
1007,-4.593719054675232
1008,-0.27748172252662257
1009,-3.773758210339081
1010,1.7514668810936465
1011,-1.4914385652424227
1012,-5.10834600207663
1013,-2.8782505222150503
1014,0.2225002501577899
1015,2.8810852330001597
1016,-4.108051458717699
1017,-7.918477603836932
1018,-2.810059243203262
1019,4.679422257817542
1020,3.090612632288691
1021,6.4775212013887264
1022,0.712585795379061
1023,-0.8277565893185149
1024,-2.80479762441989
1025,7.529371192291419
1026,-0.5560080121983872
1027,-0.4916056459852105
1028,2.0402614462928117
1029,-3.0117688169979395
1030,-4.585492685094609
1031,4.993574654109906
1032,1.3332205363870715
1033,-2.228817417849118
1034,6.214811584625402
1035,-0.4162890332372894
1036,-4.266903084080077
1037,3.0839464969959556
1038,2.039531386637995
1039,-3.6400920731338835
1040,-2.2121847919843174
1041,-2.5244065787603636
1042,-0.6879807408196175
1043,0.6095961953128037
1044,6.229237941201186
1045,4.061737605893212
1046,-2.0998962476856513
1047,5.9244643062301465
1048,0.1600091495802789
1049,-1.4687013478650695
1050,2.0557091581161675
1051,4.256776645034073
1052,3.421057358599732
1053,-1.2083323806628488
1054,-0.22671017898414855
1055,3.415379196412486
1056,-3.881775341169168
1057,-0.9509805554329812
1058,-4.832758673730155
1059,3.080916425730379
1060,0.8785257306678959
1061,6.041583157121793
1062,4.841760597724723
1063,-2.5035203860097233
1064,-4.1902317238482
1065,-4.112571459904345
1066,1.9878087730119662
1067,-2.228735075377906
1068,6.505536833273467
1069,2.353359126509378
1070,0.497942655150604
1071,-5.095263518986239
1072,-0.6214535901510535
1073,4.00455218973206
1074,-2.4696562506723025
1075,-1.5957336138052194
1076,-0.0109076986395229
1077,0.7852354930762857
1078,-0.9533273884696731
1079,3.2347833209500974
1080,-1.6290956045576173
1081,-1.2009720079123078
1082,-1.1948804388372745
1083,-1.546375780250625
1084,1.5354913272869786
1085,-2.4471684024739586
1086,-2.3859753523909903
1087,-0.5869425318676107
1088,-0.36095629596524625
1089,-0.2959459318880448
1090,2.23099767999023
1091,0.761524418927366
1092,-2.815406912687183
1093,-0.11293963921538092
1094,2.7845517778827755
1095,-2.846865338664216
1096,-2.454929488191321
1097,0.8117148375450642
1098,3.2642829466828993
1099,2.7785478064122717
1100,-3.361873872681109
1101,-0.9046090472781189
1102,1.0619041271862768
1103,3.506013331710235
1104,3.5514931762895987
1105,-2.5574852731533895
1106,-1.206894086119119
1107,-2.836306918827215
1108,-0.36005024391260043
1109,1.7930785371162883
1110,-3.088770052342851
1111,-0.7245720662728621
1112,-1.4255164446510542
1113,2.884432409492503
1114,-2.518651053091708
1115,-0.14251427069552308
1116,-0.5359109104994865
1117,0.2496371143908367
1118,-2.7229125497956117
1119,0.2834437835323303
1120,-0.3017527193939586
1121,2.604910362834976
1122,-4.450137809467442
1123,1.928758221813581
1124,3.5881538874569285
1125,2.8660838089759015
1126,4.206204355022446
1127,0.04197153130748722
1128,6.297782996811856
1129,0.1354932087571219
1130,-2.2743093079793066
1131,-1.889498152493419
1132,4.7393276982672425
1133,-6.392692222823146
1134,-1.4188542218493105
1135,5.0802973555922755
1136,0.37198564051243493
1137,-0.7408566029936492
1138,1.9010285540666327
1139,-6.10310479409905
1140,3.1220995293973948
1141,0.4225271694493047
1142,-2.1579151574601996
1143,-4.42770668868067
1144,-0.18045689862530595
1145,0.7925791814826242
1146,2.548732160041621
1147,-2.7424311777816643
1148,0.7485302876917101
1149,0.6740194854360272
1150,0.3522688801851784
1151,-4.124718608940707
1152,0.07681252405506689
1153,4.641883931507342
1154,-4.200324960036033
1155,-2.5216820591524374
1156,2.4838585338404213
1157,0.5075770557160588
1158,6.595877845374794
1159,-0.8056541872129092
1160,-0.5977591989603092
1161,0.24681898417696102
1162,0.5564843827782684
1163,-1.63528961161268
1164,4.464815319910844
1165,-0.15479867195828323
1166,-2.1815171427674054
1167,3.7272169456973114
1168,-1.2613049165932906
1169,-0.036616082326086485
1170,1.2864846662360938
1171,-0.31299327170896124
1172,-4.920593786748816
1173,3.103305675742506
1174,1.3547270781584717
1175,2.0117622709788385
1176,0.8348463838027232
1177,-3.7966942268514843
1178,5.209521090046707
1179,-3.076445623838622
1180,-1.9294782909230825
1181,5.66372394317738
1182,2.7901749042276265
1183,-4.477026050077111
1184,-2.940688495634105
1185,1.9958409589793227
1186,3.388774414397354
1187,-2.3154036578696067
1188,-0.6373544475802384
1189,-1.5183234422326015
1190,-1.1804895463095173
1191,-1.5969477349913432
1192,-0.7366139498972247
1193,1.642521278868846
1194,-0.782526088333727
1195,0.345512337268969
1196,1.6676467201804936
1197,-2.4854545550596376
1198,0.8933670671092275
1199,-4.608758683085724
1200,0.18891862158917877
1201,1.7133297242982417
1202,0.7054654183933673
1203,-2.3380374780566884
1204,6.138646097686436
1205,6.910241235331515
1206,3.039013015329555
1207,3.8106184925986555
1208,0.11959404800095152
1209,1.9847113899787452
1210,3.358074436770243
1211,-0.1035742474510685
1212,0.7505112982005271
1213,1.798571488567645
1214,2.063250299438717
1215,2.8016634419158875
1216,0.09431504223120557
1217,-6.375072567629971
1218,-1.6314670416374928
1219,-0.34650365970651764
1220,1.273247609037464
1221,-0.5307749949804396
1222,-1.8893162364883154
1223,-1.9658432749374417
1224,3.3879152164620367
1225,2.1085125513079355
1226,-0.672133367332771
1227,1.1195648032173853
1228,-1.0648080981209256
1229,1.3432058872873118
1230,-1.1348444950920387
1231,1.0949461365762296
1232,1.9398375463419923
1233,-0.9510832207422036
1234,2.9520328376684413
1235,0.10324003863193587
1236,1.6608664356238743
1237,-1.3068360140441178
1238,1.8193085388547074
1239,-1.1854471045742365
1240,0.30898235930776063
1241,4.822145131526482
1242,1.9214239569436589
1243,-3.912580447242937
1244,-1.830816482301452
1245,0.5778529494425138
1246,-2.2079572340502125
1247,-4.302981668490467
1248,1.2486407673266686
1249,-0.6811894540050266
1250,2.989332977773571
1251,1.7421456619863058
1252,3.5847583880560436
1253,-3.8086620280733343
1254,2.1024192045412153
1255,-1.9938487679641248
1256,-6.075692634290985
1257,6.152726509155142
1258,-0.20881415172306816
1259,-0.6428322307039849
1260,-1.2868053977092182
1261,-1.1257609758537206
1262,-3.42437552807659
1263,-0.5666984380119369
1264,-5.6107864287131
1265,1.6825463847186335
1266,-5.241516495362813
1267,-1.7699817610197615
1268,1.6511137254322008
1269,1.2901633281168337
1270,1.222386812081829
1271,0.791258504518404
1272,-0.36568179519743826
1273,-4.720831009413493
1274,-3.8642820119022248
1275,-2.9545265052871286
1276,-0.9773428030648277
1277,0.2359804140433091
1278,6.075324316839755
1279,-0.5308639258697552
1280,2.1536221689093082
1281,0.2016732932796902
1282,0.4921997192785026
1283,6.536378617618857
1284,0.3110987111072036
1285,-0.2745250277158373
1286,-0.4483811800737126
1287,-1.1383002632507062
1288,2.678997871384071
1289,-0.40756655624047433
1290,0.8535446443766797
1291,1.1494364798705867
1292,1.6292125412321117
1293,1.949844198010017
1294,-4.176337532764919
1295,5.257976824887319
1296,-1.1639211741360256
1297,-4.243137159890522
1298,-2.140777303646958
1299,-0.6290556991929828
1300,5.745002840328863
1301,-3.4828279176214707
1302,1.4900841978114312
1303,-0.6067531890203386
1304,-1.9649228131439975
1305,0.45257830646901465
1306,1.668930118172789
1307,-2.7227522905661807
1308,-0.5500012167026667
1309,-4.375129237271437
1310,3.847907405842765
1311,1.17389010983133
1312,-2.406400650689623
1313,0.4937833691929094
1314,6.143066692527549
1315,2.026243563381253
1316,-2.482535200640246
1317,-3.174742384567293
1318,-2.6833341508397455
1319,4.294671920729486
1320,-4.291828219536197
1321,3.9297892175437705
1322,1.3561012798758454
1323,0.19791638591438185
1324,3.8900262637491427
1325,-1.1202951704081716
1326,-0.1791549803273188
1327,-1.0761990768464362
1328,-2.0165767094518925
1329,-2.2750201643592116
1330,-2.422224272058517
1331,-0.30222495165858254
1332,-3.7557167440556176
1333,2.2272399639578135
1334,-4.172039015678366
1335,-0.7808351741299229
1336,2.4623444886758077
1337,5.406622333474549
1338,-2.189177596312223
1339,-1.5688766880670717
1340,2.3629935242148035
1341,0.02910125482680269
1342,-3.9729527014920003
1343,1.9456806457208091
1344,-1.0329241549841361
1345,0.48891473502249844
1346,1.0317086182775643
1347,0.45782559702739767
1348,0.19620175552587887
1349,-0.2208211338011484
1350,2.028587875329892
1351,-1.133666724356091
1352,-1.5422564634347324
1353,3.584978358912218
1354,-1.23847997555566
1355,-4.875007644215582
1356,2.236938248779772
1357,6.2357650982899235
1358,1.1918567157781972
1359,-2.3876743159488756
1360,1.6754549393252742
1361,-2.3324764396675413
1362,3.244151920737282
1363,-0.9205049777120631
1364,-2.463273287378322
1365,-0.3011058461485091
1366,-1.1768404267136061
1367,-2.1418730507152
1368,-0.8539469793774219
1369,2.4078496547384773
1370,2.231972480335811
1371,-2.7372613530964838
1372,-7.337536935759418
1373,-4.114378258775974
1374,-3.8821777922928122
1375,0.3555742648944089
1376,-8.414323547426873
1377,0.8820498985495155
1378,0.34972586802786865
1379,1.1261781922766805
1380,-2.863001907759413
1381,-2.3157385751127224
1382,-1.1423788739034528
1383,2.411631909815933
1384,1.1523477113333618
1385,3.667388918858157
1386,2.654529908774606
1387,-1.6531542267073709
1388,-0.8983602507909516
1389,3.8310194023543156
1390,-1.0835412755145282
1391,4.183274397694211
1392,-4.06129510770794
1393,-0.8256400922791357
1394,0.9550167743062199
1395,-0.17613257046498323
1396,-2.8676431624219307
1397,1.9202980872439614
1398,4.284806721494439
1399,1.2407866145666553
1400,-0.2240822620478814
1401,-0.5976628160551684
1402,-0.6198950995448782
1403,-3.6760551255164815
1404,-1.3198775517408599
1405,3.0739575141414477
1406,1.6101855463080565
1407,0.02317078902038916
1408,-4.11751365555886
1409,-0.04279391650822459
1410,4.146643518587572
1411,0.24952857680606644
1412,2.960258855520619
1413,-1.5014670550059812
1414,3.1979704567150646
1415,-2.777946342733636
1416,1.5741431814011582
1417,-1.3594159628917482
1418,-3.0244020035908292
1419,2.0420347121308673
1420,1.5078335593874477
1421,-3.2359521641827604
1422,-3.199683882473705
1423,-5.442697251947058
1424,3.5454330046596234
1425,0.8970714345255714
1426,0.8602225101077181
1427,-2.139497346075899
1428,5.962829936752552
1429,5.324897623383675
1430,1.8143482289604669
1431,-1.9527214723794355
1432,-3.700032398574093
1433,0.9263834189206875
1434,-5.194972999298864
1435,-0.6084730725486379
1436,5.070108364329127
1437,-0.1700005214167406
1438,0.6238925904193142
1439,-1.8624310065817398
1440,0.9396302695143971
1441,-3.8086170599485656
1442,2.6413320176314756
1443,5.386596678340877
1444,-0.2976166750827829
1445,-2.2051337231021604
1446,1.0969988956917978
1447,-2.211976889446606
1448,0.42501099037485046
1449,-0.6451635924487354
1450,1.2446982508768478
1451,-4.7289590349568424
1452,-1.0202345729935063
1453,-2.6968061582462584
1454,-2.2111938805873024
1455,-0.5895409763341611
1456,2.5856400102812085
1457,2.0284780397003974
1458,2.2029751080648055
1459,-1.8376329657137747
1460,-1.9511968336787704
1461,-1.2334134793388722
1462,-3.0834037252175053
1463,3.8419890922507975
1464,-2.075389932533942
1465,-2.5420137777882337
1466,-4.666448327778995
1467,-1.5734622910439628
1468,1.3182782106423185
1469,1.5616542289432171
1470,3.882984873019584
1471,-2.8793573729421436
1472,0.4977154168466966
1473,-5.203364426304179
1474,-1.9666340113320098
1475,-2.7367587806211766
1476,-0.9085229292989929
1477,1.778472409037211
1478,3.0601741908702755
1479,-3.219260688168036
1480,-3.0952687462320148
1481,0.1728194121445764
1482,-1.423458513971859
1483,-2.900197791968462
1484,-0.03783139306212685
1485,-1.5052373270546333
1486,-0.8625845115812798
1487,-0.7251311523443961
1488,1.6014742463866698
1489,3.496723894732493
1490,-0.15597126403214379
1491,2.6241860449614065
1492,3.771797688564115
1493,3.7075382173463787
1494,4.923835476466554
1495,1.7321191973035597
1496,2.3569073203789936
1497,-0.34372672366139656
1498,2.438914452912706
1499,-2.2992263422724832
1500,1.8395697656818992
1501,1.2144981004540352
1502,2.2912848330744873
1503,1.64018669523078
1504,-4.041150481068836
1505,-1.5315290491416762
1506,3.1237526486473137
1507,-2.317694014242038
1508,-1.9649317814418708
1509,-1.0520986442743099
1510,-0.1526553031086535
1511,-0.3987144809466659
1512,-4.581262806161499
1513,3.254582471670699
1514,0.4763967846274963
1515,-0.07798713409633307
1516,0.21223079458524757
1517,1.2805730320352113
1518,0.2532635925123124
1519,1.6157120063625956
1520,-3.588046907498734
1521,1.170753190198054
1522,4.107077353098159
1523,3.730614559234038
1524,3.2966783597439546
1525,1.4608995587186437
1526,-2.488053123512309
1527,4.878122630808224
1528,-6.001723550713251
1529,0.7700022120716274
1530,1.7397081286134366
1531,-0.7458421499831462
1532,-4.952690883938472
1533,-5.967543393076007
1534,5.131780520295422
1535,-4.341492691351868
1536,0.4918248295204727
1537,2.4411679738695184
1538,1.7484218720556601
1539,2.024855140131109
1540,-2.455267920229632
1541,1.6534285544414438
1542,-1.133850528877
1543,-3.9095536792084937
1544,-5.780218893434558
1545,0.5646455504558243
1546,-1.692895640536816
1547,-4.19836498550504
1548,0.7837335124366392
1549,3.563842137934888
1550,1.467449825701021
1551,3.5633041868258704
1552,2.1820609872765537
1553,4.338415286700088
1554,-3.5867444404427298
1555,6.6833738781688306
1556,-3.0743124143862155
1557,0.8911871518979522
1558,-0.43215661814876505
1559,-2.849337722791437
1560,2.9639054307176833
1561,1.7753567987599739
1562,3.964961646361788
1563,-4.921559736211271
1564,-1.5030441635749707
1565,-0.70786755745691
1566,-0.9746581400761256
1567,-3.901707503235393
1568,-1.0868819786220327
1569,3.2706503369207236
1570,1.5926529029210648
1571,0.8406024338786859
1572,1.8049849725622518
1573,0.8958729626788897
1574,-0.701713046667922
1575,-0.061798237313814175
1576,0.30050908642178753
1577,5.630918815669239
1578,-1.8942544634342828
1579,-2.123461630453998
1580,-4.322155136631572
1581,-3.5462890310597333
1582,-1.9804479985676364
1583,-1.9202687974007957
1584,0.31034263003464235
1585,0.2964399565023991
1586,0.9709554933659363
1587,5.918824502423513
1588,1.2451293060300532
1589,-0.6650483508074192
1590,2.610163766773225
1591,1.0225623066474323
1592,-0.3078569526034368
1593,1.5786793534718433
1594,1.3642512622086382
1595,1.6360774855223503
1596,0.4401619663833564
1597,1.6718249863534926
1598,0.037413483703424566
1599,-0.35198999002050707
1600,-5.595586742611763
1601,-1.1196103540277995
1602,-0.7919621429349356
1603,-3.6902781957361763
1604,-5.1457636393127855
1605,1.4757215132847468
1606,-5.233527155049614
1607,-2.573825528291014
1608,4.077625575337764
1609,1.3898587618806084
1610,0.12967808933067143
1611,3.061875601726953
1612,-0.384834870613063
1613,3.414144234817916
1614,0.12149610097511135
1615,0.11592578169010237
1616,-2.058498393520056
1617,1.8711146559807297
1618,-3.795043190624498
1619,5.296784677915988
1620,-4.2277809295203435
1621,-1.3721352935052735
1622,-0.7200315392497163
1623,-2.5936429955584632
1624,-4.002811339424694
1625,-0.016678204692399543
1626,3.8491706955456517
1627,1.6976759911625143
1628,2.3901494871356976
1629,-3.827100984246184
1630,3.499986267171455
1631,-2.3528544331090657
1632,-1.7551074475415482
1633,-4.1520583306822765
1634,3.642786451883629
1635,4.0067125936494135
1636,-1.5361715572376646
1637,-1.0699827665022041
1638,2.858949689704856
1639,2.8524143686325756
1640,2.497449584580575
1641,-0.8519985994816144
1642,3.256637168755173
1643,-2.917394764464621
1644,0.4047173075713746
1645,5.498300965398313
1646,0.3739679100779999
1647,1.4879734951045043
1648,-0.7779431223702169
1649,-4.153900882351545
1650,0.7803723690024577
1651,1.0053520634054962
1652,4.145132628500222
1653,3.588666612709664
1654,-1.3804904457575573
1655,0.13171165557665784
1656,-2.0912006775968566
1657,-5.5786470830590185
1658,0.7057559725322137
1659,1.026415121394813
1660,-3.820824108863016
1661,-2.9801230602059836
1662,1.0923454903803314
1663,-0.4761264089484796
1664,0.7975589027937398
1665,2.823682168883999
1666,-0.8551508053497372
1667,2.020124716015836
1668,-6.273937609300019
1669,1.4271480680959527
1670,2.756658757584422
1671,-2.057219292293242
1672,-0.31420456198177715
1673,1.9760248546974795
1674,-4.950259122506562
1675,-5.404704543453648
1676,-5.940348914940055
1677,1.1500438845634626
1678,-1.3140113059098053
1679,0.18523241896692078
1680,0.751335571111508
1681,0.02440951151202904
1682,-2.014319594936852
1683,-1.1770260950450924
1684,3.421858941762243
1685,-2.7682078958948706
1686,-4.048552270424303
1687,3.6010922318393233
1688,-6.838118769629513
1689,-3.6934588643917876
1690,4.735929770579633
1691,-2.356096028827408
1692,-3.937268692823526
1693,0.9596885706124023
1694,0.4411815224410713
1695,-0.32971362822503236
1696,0.5368033376643958
1697,-0.3970135343294865
1698,2.1321242605492086
1699,1.3218539701369918
1700,-0.2554722730597457
1701,-0.6919831150238868
1702,-0.3764366434321432
1703,-0.8107075934459191
1704,-5.88611095779435
1705,3.0623638918391993
1706,-3.7143770361124258
1707,-2.206191597241815
1708,3.100801835973346
1709,0.8452157836484282
1710,-0.6220767731023863
1711,-0.8522987061908456
1712,4.311348745346667
1713,0.11539783769505241
1714,2.7254600859543285
1715,0.7249922526290749
1716,0.6731206940435704
1717,-0.2451239185364268
1718,-5.085512545473903
1719,2.0383087491862235
1720,-0.3741258344050301
1721,-0.2001913276905531
1722,-1.068964509226634
1723,6.288875600753651
1724,-3.4355220598229175
1725,-0.8167410088019096
1726,3.0813893492565514
1727,0.9421515385199022
1728,0.49389528346099953
1729,2.991711785143252
1730,-0.02707082970582074
1731,1.9365379109633731
1732,-1.9089804557617733
1733,-1.1525298248689286
1734,1.6363681432167076
1735,5.463960734246322
1736,-0.5381335822330615
1737,-1.1652832270337439
1738,-0.12692663106182556
1739,1.1437064413674654
1740,2.041989467974771
1741,7.237705209507971
1742,1.4524255607173822
1743,0.887123202519101
1744,-0.9271353996559905
1745,5.243297030374
1746,-0.6187847825778141
1747,-4.073639108176024
1748,2.201976481899
1749,3.9024938400958047
1750,-0.8583950784096246
1751,-2.4710793108199796
1752,-3.1194987183165552
1753,2.0624530961557683
1754,1.0063405387037763
1755,2.75601722038988
1756,4.872755281409455
1757,0.8854936233595334
1758,1.8710906834241914
1759,-2.9575718207765673
1760,-5.272751950829226
1761,-4.914988996112079
1762,-1.6828000378366639
1763,2.288565685281924
1764,-0.19183036836228562
1765,3.4693560945782442
1766,0.7814362463290976
1767,4.347758089327103
1768,-0.640514088666526
1769,5.454051210992086
1770,1.6644552118921394
1771,3.4734628727730685
1772,-0.42156171082226335
1773,-1.62507551135477
1774,-1.7664293300439091
1775,2.9093304715701094
1776,-4.319464831335447
1777,-0.41876543429712904
1778,2.0578226647262796
1779,0.7727426897542277
1780,3.3936977162368756
1781,-4.143816742878002
1782,-2.714729535124113
1783,1.756533546168953
1784,-2.26368050101908
1785,0.9805506516169853
1786,4.551175601186032
1787,3.1481709144662933
1788,-4.378555409183264
1789,-0.273063595078335
1790,1.8296156143677131
1791,-1.5295074778860105
1792,-0.7234208821194099
1793,3.8356818171292777
1794,3.547238113587656
1795,-2.6482299093796944
1796,0.35807914657186696
1797,-1.6189379565959496
1798,0.913245923059387
1799,-9.48015265810719
1800,-2.720245871825129
1801,0.1532007571583432
1802,2.8038088415829967
1803,2.7264652881402744
1804,-3.035028380291032
1805,1.7575826028170074
1806,6.548433008806809
1807,1.4530234203689476
1808,-1.1706925512758453
1809,1.1790188099823176
1810,5.869405217385021
1811,-0.6960474463806752
1812,-4.608417147362848
1813,4.215181671181687
1814,-0.48528705976833075
1815,-2.8570243363700154
1816,3.6302472174582094
1817,-3.583141092458558
1818,1.7722363771143037
1819,-3.6799788540811957
1820,2.2208983620874783
1821,0.5033448625872403
1822,2.175659337360692
1823,1.666020712001366
1824,0.4842702255903053
1825,0.6162144990565768
1826,0.8053421263062368
1827,-1.2479789697820127
1828,-4.098792169094725
1829,0.44304520719834983
1830,0.020277707523720268
1831,-7.538447392583327
1832,-0.8870943748640934
1833,-1.8737153857030848
1834,3.399160484969187
1835,-0.4092795818714309
1836,-2.630090016620363
1837,3.2586475457889224
1838,-0.2890962779713938
1839,1.194639961825637
1840,-0.008327137871326329
1841,-1.2944970563635578
1842,0.2451330473223457
1843,2.2885242488053668
1844,1.5005128969160146
1845,-0.8972273183660706
1846,-1.5529394159947274
1847,-2.718093199683023
1848,-1.5367330197040614
1849,-0.3283332590991527
1850,-1.2470522569941949
1851,-0.8396711136203182
1852,-2.484576894202581
1853,4.490749174438022
1854,0.3729320040405689
1855,0.42808840233066175
1856,0.9824938373564035
1857,-2.6297711195938525
1858,3.3901697346615967
1859,-3.6598951136939495
1860,1.3198984666108187
1861,1.7744381070535669
1862,-2.9122261560561276
1863,-1.3903636525315264
1864,2.0641577699692144
1865,-0.7294782611687798
1866,1.597508810905346
1867,-2.692668455799389
1868,0.7885993846797619
1869,-5.308583688681657
1870,-5.692560225989925
1871,-2.536921788404779
1872,1.265609961000649
1873,-2.4706012332775424
1874,-1.9629897292384297
1875,-3.479927309623282
1876,-2.607372450311335
1877,1.0031108343924406
1878,1.3247260326037984
1879,-0.03883249780202446
1880,1.9682139337955384
1881,1.114350636448381
1882,-0.3982287536806768
1883,2.958812213805132
1884,-3.188489919513298
1885,4.087418530154796
1886,-2.368452245620272
1887,4.146857032607659
1888,1.2249333201203647
1889,2.4212548180064233
1890,2.968737626478803
1891,3.3117097928702153
1892,-0.9023892498464992
1893,-1.4969152240006407
1894,-1.6595555540434237
1895,-1.5565322957635994
1896,0.8431422650369593
1897,-0.016476226607101907
1898,0.8446972122937431
1899,-2.958473795558253
1900,1.106647855404315
1901,-3.4209716046510614
1902,1.5216008882710703
1903,0.7515058955936698
1904,5.499155763764439
1905,4.939476828381397
1906,-3.5437245814850518
1907,1.4612422051475096
1908,1.371140345843644
1909,-2.01066596222704
1910,-5.993205898623592
1911,4.410849911143331
1912,6.7603628949000445
1913,2.774797264849172
1914,2.438185279898281
1915,4.003221458847518
1916,3.137334118485561
1917,0.31249086317662567
1918,-0.21860840634034628
1919,1.7700752331126088
1920,4.831219822498606
1921,1.7709422919085727
1922,1.4639378371895468
1923,0.19801103061622527
1924,2.4570833853555483
1925,-3.325485417547202
1926,-3.018962888808001
1927,-0.7753209732487902
1928,-3.4145785787504765
1929,1.4753906978201066
1930,1.6516989550647527
1931,2.268618157054869
1932,-4.3469597065294385
1933,2.3800503007399008
1934,5.285280334299386
1935,8.62129600286815
1936,0.5830678846196286
1937,-0.025587394666919616
1938,0.07816293766685317
1939,-0.08021607631715233
1940,-2.296941792309756
1941,4.634941527452336
1942,-0.5299565808612257
1943,0.2374477666405191
1944,-3.5691935048835948
1945,5.349889423386663
1946,0.09520871457886326
1947,1.485569465568264
1948,-1.2247825619591661
1949,-4.0285545249294055
1950,0.3457607287186135
1951,0.018774151581111148
1952,5.4609238632784285
1953,2.759186158345502
1954,3.193608414521152
1955,-2.196207267114057
1956,-2.9032016491516446
1957,1.8198864751316512
1958,-3.1278430976474
1959,-0.1863532484254452
1960,2.8189311525624094
1961,-2.1013410675691326
1962,-1.95208667872275
1963,1.8841518228226963
1964,6.674554810424283
1965,2.164591208846232
1966,2.29760478900699
1967,0.2524655717036411
1968,4.175029901262078
1969,-0.21146279648783917
1970,-0.20209040161349023
1971,-3.0827652711690465
1972,-2.5079562102907964
1973,-4.80614918708129
1974,-1.5651636264164928
1975,1.8849118486517238
1976,-1.6378702251146215
1977,0.6573754155867706
1978,1.5872477475582187
1979,-3.541655953377387
1980,-1.9968332919091165
1981,-1.8552294213703575
1982,5.828208848444276
1983,1.8968553517428477
1984,3.73508119908447
1985,3.1227717916149933
1986,1.5467976471431957
1987,-1.8141827650129505
1988,-3.731377330461624
1989,0.18672952405018245
1990,3.6289578243857328
1991,0.1437342124653025
1992,0.7293346753287451
1993,-4.821427478214644
1994,-4.90076286140249
1995,-0.2353772827125743
1996,-2.023025150807703
1997,0.0668280576835352
1998,-0.5727740306508697
1999,-1.5230809737862172
2000,0.3982105884151424
2001,1.6284756894690466
2002,-3.7195883444651074
2003,0.35854345455704795
2004,2.1609164509841454
2005,-2.9862181508575927
2006,-1.8222849737308335
2007,-1.3368038956679678
2008,-5.668968753391312
2009,-6.154157291954846
2010,-5.028171739479643
2011,1.2307101891873686
2012,-1.0280094968121052
2013,-3.400921624012138
2014,-2.583288772646333
2015,-4.866909314211931
2016,-0.9940198858065153
2017,-0.15257343938924658
2018,5.314216100012731
2019,1.3020112954854846
2020,-1.8144902208949363
2021,-5.056716308649589
2022,-4.4049367438475535
2023,-0.35161393423496967
2024,3.837173323864781
2025,2.5050984731247423
2026,0.41340437771094374
2027,-5.891267146887815
2028,-4.079773640650354
2029,3.6304033725670743
2030,7.316233517798981
2031,-0.7140705435348584
2032,-4.137599296756683
2033,-0.11308484897233953
2034,-3.0689055442088815
2035,3.4280397939635643
2036,-0.14289016922172199
2037,-1.8859717508183376
2038,-2.4464272906051097
2039,-2.833257131975846
2040,4.047995473316675
2041,-1.9966503293717097
2042,-6.533276115389928
2043,0.7809558761376285
2044,-2.652581803945938
2045,-6.324063407390646
2046,0.738911312200094
2047,-1.102534603340836
2048,2.8126365525512766
2049,1.8055280704701178
2050,-2.636707267515929
2051,0.35078972470520364
2052,-3.7270847656621378
2053,-0.278476324764565
2054,-0.7897823192345821
2055,3.737423206834632
2056,2.3326990272080397
2057,1.5171323897933473
2058,8.937786506428234
2059,-0.9752449373214953
2060,-4.505858747474992
2061,0.9116306767248621
2062,-1.730856493125056
2063,2.8507900478989496
2064,-4.102684705917963
2065,-6.425299973098872
2066,-1.41704580261518
2067,-0.2256418511810797
2068,1.391597055104159
2069,2.0978572288802044
2070,-2.7627990700360945
2071,-0.8482551144273229
2072,-4.293786440474884
2073,-3.088461502109512
2074,-3.5653767552571645
2075,-1.3223508672821098
2076,3.4249034579424418
2077,-3.5740930284337655
2078,6.098883600234293
2079,-5.0224277937973305
2080,-1.6933321994418797
2081,0.8454026805700857
2082,5.685215603905807
2083,1.658871794214493
2084,0.34852522792910434
2085,-1.9328078511060478
2086,0.41961175711733234
2087,4.569156215686625
2088,0.11356426412692543
2089,-2.6988039787890226
2090,0.6448925373801173
2091,0.5280914047867543
2092,-0.3670892066420175
2093,2.7362754237153704
2094,0.3212547302997344
2095,-6.372967066639876
2096,-4.058512404377433
2097,-0.024062329890305614
2098,-3.0531329808698073
2099,1.6939194383164793
2100,-7.105900549398956
2101,-1.861055159972744
2102,0.5481854385297944
2103,-6.284301636578814
2104,2.0585443897224596
2105,-0.9828464353441454
2106,6.575612757628098
2107,-1.1650584303648999
2108,0.5210618906747029
2109,4.277919360307879
2110,1.3363372554575994
2111,2.4774203079584862
2112,3.5576925795062313
2113,-0.8448002629888829
2114,-0.9413363423034526
2115,-0.27337972991171483
2116,7.012239652290769
2117,-2.3036502587480983
2118,1.296734517161157
2119,-1.752265191584805
2120,5.401950141660094
2121,-1.2181976582003893
2122,2.149401723407017
2123,1.488293765651994
2124,-1.6259402144467234
2125,-1.4123786812117394
2126,-3.9064077437284173
2127,4.999680371393169
2128,5.409161939031259
2129,1.3386514880263356
2130,-6.647633694719936
2131,-0.3004416126736124
2132,0.399722408052571
2133,-0.20145079051386117
2134,4.050043094445116
2135,3.428510146564462
2136,-2.353477985347597
2137,-1.2905173881235923
2138,0.3474180751502868
2139,-5.801700283537119
2140,-1.4425112216529217
2141,1.7355743255092868
2142,2.7224835276862978
2143,6.2072846663778
2144,-0.2981994716831263
2145,0.4661265788427359
2146,-5.693601607363765
2147,-0.43883081048691247
2148,-0.7422783744019871
2149,0.42693608183530196
2150,-2.0341821011145256
2151,-1.343863345402577
2152,1.779246433931253
2153,-6.307619142689614
2154,-3.676290761402258
2155,-3.5663192257963368
2156,3.5003905903959835
2157,1.2924474327091409
2158,-0.7511437530613805
2159,3.755416843308482
2160,2.751423654490888
2161,0.12515272719648618
2162,-3.072439748913019
2163,-3.9237165804508156
2164,-0.2217877850506148
2165,-1.0508751057168262
2166,3.8606241298064052
2167,3.473166494222945
2168,-2.3284824899006162
2169,-2.7777923653995558
2170,3.3848238086372304
2171,-5.001960060092565
2172,-3.878445112859099
2173,-0.7860163163899623
2174,5.208939623635388
2175,3.6280577565975527
2176,-0.9151256539217969
2177,-0.7545594981669753
2178,-4.989485312479154
2179,-2.2334332568499673
2180,-3.0736129326099153
2181,-4.967806708350021
2182,2.1496196851491773
2183,0.7168318570374819
2184,0.5292593128017018
2185,0.6248312660969694
2186,3.110603110260958
2187,1.1875754091847341
2188,-0.5638859300052457
2189,-3.225604461720167
2190,1.1638746389702561
2191,2.974279255964779
2192,4.55863447569314
2193,-2.505414459334702
2194,2.3456785835824667
2195,1.7207235526883433
2196,0.210714001553448
2197,1.9593285312825208
2198,2.4258679827480325
2199,-2.0874458740627393
2200,2.914977635354542
2201,-1.5519063838116582
2202,1.0125812445066549
2203,4.0655227107476914
2204,5.890999728499473
2205,-2.3645954436646996
2206,-0.39407976560955965
2207,5.156940612201196
2208,-2.4381899405254477
2209,-0.025389920306626235
2210,-0.10007978704941486
2211,0.6528674050011974
2212,-1.6400549617164135
2213,2.2495552491893203
2214,3.9433803847211375
2215,4.815847621726638
2216,-0.5256582414418223
2217,-1.879047029679947
2218,2.9021611032363817
2219,-0.5550176978289901
2220,1.719701559778256
2221,3.7436491951532336
2222,-2.4132122886723346
2223,-1.2254667997219961
2224,0.09206029381724938
2225,0.04774266561153068
2226,-4.19412826239281
2227,-1.021632256387669
2228,2.6566207955852876
2229,2.5878421102533657
2230,-2.7894011696395125
2231,-3.3434902831091375
2232,5.582400203362917
2233,2.0211440569595864
2234,2.1891151606080115
2235,-0.3437039424626023
2236,-2.9378754969992986
2237,-2.86665072260616
2238,0.5288816444453057
2239,0.1294201021497653
2240,-5.75478913650375
2241,-4.597824055683934
2242,2.215373487329843
2243,3.5745946871912673
2244,5.7472286458925
2245,-0.5026806433647035
2246,-2.2632517606170004
2247,-5.7646822427773765
2248,-1.0668947767395194
2249,-3.1328575335496205
2250,-4.990980920809548
2251,-5.502204131238483
2252,2.2291205821073965
2253,2.969735611815284
2254,2.722295041190499
2255,0.6563747046769999
2256,3.6755401017446485
2257,-0.9006351627143829
2258,1.1934579572323023
2259,-0.8800660940476317
2260,-0.7493100747698301
2261,-6.489653922685234
2262,-0.01696040421867598
2263,-4.758547491451569
2264,1.1813405947504463
2265,-1.8127944846622626
2266,-1.7813726473550657
2267,2.0680755341520127
2268,-3.6597905517589004
2269,-7.528726142562931
2270,-2.167807723144567
2271,5.801644232758046
2272,3.337536376281556
2273,-0.16819321771618911
2274,-2.84395615158007
2275,-0.5514742913876363
2276,-3.9027752809409173
2277,-0.6491454833063596
2278,0.49234558056904365
2279,5.400275870188442
2280,-1.684955094079272
2281,1.7666244876110881
2282,-0.7103961827975525
2283,-0.37011444184224274
2284,-2.461479463237279
2285,0.3213555628490109
2286,-0.5114513599442219
2287,-3.6906608605153606
2288,-5.767036749260522
2289,0.7534654604466866
2290,-2.4343466898421293
2291,-1.735365389567196
2292,4.606736120615529
2293,-0.4275620307966252
2294,-2.2712735380182685
2295,4.367793338242847
2296,-4.2401219914925505
2297,-3.360703220065674
2298,-0.24512151631470885
2299,0.9108072633757608
2300,0.9196483035638191
2301,2.041185561689122
2302,-2.816259866611937
2303,6.881288521832747
2304,-1.509524810808143
2305,2.381459930269106
2306,-3.1950666107794103
2307,5.155222243377979
2308,-4.645608743692301
2309,-0.2142791288554235
2310,0.5641409642812272
2311,2.4287324641004737
2312,-1.5621851507804232
2313,1.687459031965259
2314,3.190611546232247
2315,0.9919814943751392
2316,-3.417128492489951
2317,-2.4199135567130563
2318,-0.957985253465432
2319,2.204381246560417
2320,-4.499558961900825
2321,-3.7366507882322066
2322,-4.773751754621669
2323,-2.0938478027140186
2324,-2.4028876743758025
2325,-4.4413313179262035
2326,1.3512104217906735
2327,-0.44384000537693635
2328,-0.5680450643187778
2329,2.5733352475031643
2330,1.3683260044257683
2331,-1.4438866784542634
2332,-0.3222410270162812
2333,6.500914399952691
2334,-3.8788991325257274
2335,-2.319964184338925
2336,1.103357223322253
2337,-1.0457165062419789
2338,-2.933877634182633
2339,-1.239358223548736
2340,0.7694848281245888
2341,-2.7150295759116245
2342,1.941055321543697
2343,1.6608074216006268
2344,-3.0826415385653823
2345,-0.25811355099119776
2346,2.7346447382915997
2347,5.967357354936386
2348,3.6929153202273355
2349,0.6009337098638441
2350,-0.9900680276143591
2351,4.642072119106699
2352,-4.817346671443015
2353,-1.6573161355185098
2354,-4.900217142628651
2355,5.709187681428
2356,2.4609391170184187
2357,-3.8236999556404143
2358,2.5894942324519508
2359,-1.650060228751995
2360,-2.8089677903096946
2361,0.6863922801680706
2362,0.8968672145054691
2363,0.7755205568999824
2364,3.7080473243224388
2365,-4.766121025918363
2366,3.565646243435963
2367,-0.3108040800846319
2368,-0.8982681127298087
2369,-0.4770766664936399
2370,2.060114757403286
2371,-3.4252927741565826
2372,-2.0559101617869593
2373,4.7348323066069975
2374,3.2377586648360843
2375,-1.530111716650116
2376,0.9467510482142586
2377,0.8278917469913094
2378,0.9160120646078862
2379,-5.4751102539282535
2380,1.7807821205684513
2381,8.305499073984805
2382,2.107095080441856
2383,1.7512995455145253
2384,0.40720363644644375
2385,-5.473984672030807
2386,-2.911589542515695
2387,0.9414445732772376
2388,5.020462587068366
2389,-4.459999918409297
2390,3.0556733892381787
2391,-0.2830162425123335
2392,0.1788973608336082
2393,-0.4353645729951874
2394,4.733831401963915
2395,-2.5734760910846477
2396,-3.6383824158426403
2397,-1.628060966940477
2398,-2.946908652280444
2399,-0.4960890665145755
2400,-1.361917564049244
2401,-2.841293076840724
2402,0.12522531616425847
2403,-3.7103051733108185
2404,4.7025984483427985
2405,-1.7831225898555279
2406,-1.5301361567841285
2407,-3.4092607759207514
2408,-3.0534412840785747
2409,0.20178440255333396
2410,-1.8822354187726233
2411,0.7129419138096965
2412,0.44973366193448844
2413,-0.7820264174733775
2414,1.9691516495435732
2415,-3.0369813620557027
2416,1.2379114091984056
2417,-1.7867930801781373
2418,5.837929207611274
2419,-3.4164820001833975
2420,0.8919577593773607
2421,1.9307503982928138
2422,-2.5375787428688144
2423,-1.999482237495651
2424,-6.591006247507424
2425,0.7112843186840044
2426,-3.7087435052108395
2427,-0.24201676677162928
2428,-1.3038805508927576
2429,-0.4118085382483545
2430,-0.25356730083114726
2431,-0.7369196302373122
2432,4.162791212232566
2433,3.2244413413096744
2434,0.6247095503551736
2435,2.6596355133683764
2436,-1.3334058750005504
2437,2.6344217788075928
2438,-1.1557962594533449
2439,-3.993158430698817
2440,2.460883163951637
2441,2.1335875952649577
2442,0.3732599863000547
2443,1.6312611028136246
2444,3.2916573823230517
2445,0.7842954599883056
2446,-3.62419205374271
2447,3.224456221683228
2448,-5.05737501021014
2449,0.9090646733191519
2450,-0.7835707043476354
2451,-1.735924056476271
2452,-0.9281689928486103
2453,0.27242594814781423
2454,-2.8298046631683973
2455,3.859279029311328
2456,-1.0259607153313757
2457,-1.7315079263371538
2458,-2.3328718263123323
2459,-5.866867271767327
2460,-1.4366358480035302
2461,0.38820624366728773
2462,0.6302358230693083
2463,-1.7484281457503847
2464,-2.1175718063331033
2465,-0.7881995954127197
2466,-4.1029649704872835
2467,5.109824688015962
2468,-2.0744903685114053
2469,1.28178491723739
2470,-2.629382721292742
2471,1.2120474948368272
2472,1.6641921922584326
2473,-1.8943564241372224
2474,-2.2696826379170867
2475,0.5996030947986896
2476,-1.4616531281928076
2477,-0.03649600401057329
2478,0.3633390504704708
2479,1.8938198325300157
2480,-0.5699248025874939
2481,-0.5307328500805497
2482,-5.125625649118768
2483,-1.7966011697320776
2484,1.358009087748063
2485,-4.288973872315253
2486,-3.412776880581041
2487,1.206717557401261
2488,1.291324083830255
2489,-2.6013094455186483
2490,-1.1996524794822185
2491,-2.693616151311997
2492,-0.5992487553902115
2493,-4.460232458108981
2494,2.2861957118491354
2495,-1.629603688120926
2496,1.6485710299865939
2497,-2.180023178223804
2498,-4.537098266085065
2499,-1.6143130714695237
2500,2.6488101664677774
2501,3.805163172290302
2502,-4.413881458695107
2503,2.877245898231875
2504,1.6072437396836303
2505,-0.5394335855119955
2506,1.0721727972782535
2507,-1.9247406307369876
2508,0.9606738495805968
2509,1.2815738962039604
2510,-0.31842849805420886
2511,-2.0888113667985175
2512,1.1965911218557221
2513,-2.3293170159932526
2514,-2.0592825422470464
2515,1.1333670919588137
2516,-0.08099130146992528
2517,2.9369899895101543
2518,0.1825294529811453
2519,2.526603149033589
2520,3.3086159944587914
2521,-1.9338234402409022
2522,2.2486777852911835
2523,2.380230276778221
2524,-0.752578490512142
2525,3.766551228817819
2526,1.90885505125913
2527,-1.4539181864627242
2528,0.3253905208852592
2529,-0.08894964123489627
2530,-1.7412471885669716
2531,4.4304947350116795
2532,-1.520555161093831
2533,-1.461196883324813
2534,6.481077533169553
2535,4.816124019307824
2536,-1.916580198253374
2537,0.7027512387782889
2538,-1.0106071322314643
2539,4.0824186553533846
2540,-1.072449516880276
2541,-5.291987887607414
2542,3.208182868713622
2543,4.374745311442392
2544,-4.933342830466606
2545,-4.115376904796682
2546,-0.5904716632973189
2547,2.8872926478996854
2548,-5.963942787040082
2549,0.6173030765358547
2550,-1.0075051776671917
2551,-0.8888841619785051
2552,-0.9442568491252079
2553,-1.8089725584897591
2554,-1.8706530577025302
2555,-2.5593468838319406
2556,3.294325419591768
2557,1.745904550206219
2558,-2.908111128288136
2559,1.996681572172086
2560,-2.0927744323852515
2561,2.314581572857372
2562,0.8736229122612724
2563,-1.4166248232898047
2564,-2.3786355363830367
2565,1.662536125204264
2566,-1.9121553261223587
2567,-1.827769406286514
2568,1.2453586568578958
2569,4.297446374541615
2570,1.0832386293126124
2571,1.7592760641045848
2572,-1.2230487484149357
2573,2.9053013955435243
2574,-1.8100961163347187
2575,-1.8124883738767275
2576,0.3245044923830073
2577,-0.42462612730173177
2578,-1.335767428624246
2579,-3.019336181586741
2580,0.6803681983646951
2581,-1.2921149412525557
2582,-1.6159835606059274
2583,0.12077552696851146
2584,-0.8353553188409751
2585,-3.831799398518686
2586,-0.44944295987156707
2587,0.7659341618128396
2588,-0.510956912541002
2589,3.9479143132306684
2590,-3.617783508967885
2591,0.04523968117085159
2592,2.563836873616727
2593,-1.004620891611835
2594,-2.9249666214566115
2595,-0.833376287802697
2596,2.393540477624016
2597,-3.8138411174893903
2598,-3.190374311977632
2599,-0.2872211598042466
2600,-0.5074907579456157
2601,-0.1555648948738122
2602,0.06593569496359752
2603,3.1271433868670813
2604,0.7551812144594353
2605,-2.452030421603616
2606,-0.5156258211899849
2607,-1.8698530999104888
2608,-3.067108702354721
2609,5.16432912370753
2610,-5.843265275466121
2611,-3.6489420602923834
2612,1.4389299949467085
2613,-1.451027822261903
2614,0.6317139872322104
2615,-1.450031105646519
2616,0.5074533660388515
2617,1.310479048670587
2618,-0.2983791379399164
2619,-2.624140980199665
2620,-0.9119609259430023
2621,-0.6826028780618526
2622,2.6577257513146955
2623,0.0076466401774189785
2624,-3.4895506118559707
2625,0.3611212242960559
2626,0.32541832587065556
2627,-6.181797842956137
2628,4.718832342501865
2629,2.5063102810277025
2630,-0.48845914816618813
2631,-0.6149070717614644
2632,-0.41679302250839023
2633,0.23379231576990878
2634,-0.9873868180680448
2635,-0.9746933399035214
2636,-1.343258440199145
2637,6.18109102026227
2638,0.5276682196056105
2639,-4.475860841734946
2640,1.7413727765621967
2641,-1.9696326080238433
2642,-3.637040720227377
2643,-0.7521598066153009
2644,0.20368150435963261
2645,0.40459140801387816
2646,3.4096999623209374
2647,3.0230498315554257
2648,-7.322676165672992
2649,-1.7497169702018933
2650,1.9241662525300764
2651,1.1216529531747927
2652,3.7472338683959667
2653,-3.3152794003803776
2654,5.41513209430898
2655,0.8978147515674239
2656,0.4060414164508328
2657,-0.1906025815423813
2658,-1.3890293946113292
2659,-1.3175673731268431
2660,3.724213867001458
2661,-6.9063576999965
2662,-3.7311341805396028
2663,1.7960628910322376
2664,-1.6503246953517303
2665,0.6408146125884719
2666,-0.17163898181431647
2667,-0.38079938424481036
2668,-0.6891541059146868
2669,4.1679873528286775
2670,-2.5918225680868163
2671,1.2962562743670905
2672,-2.565893789074547
2673,-0.9878839164525279
2674,1.7516675844195204
2675,-0.4192572329006235
2676,0.2756972645549521
2677,-0.871033935982636
2678,0.8699072517156679
2679,-4.434182156653399
2680,0.7152937804331645
2681,-0.7878895277401361
2682,3.854626719863016
2683,5.656566299234041
2684,-2.01218177834737
2685,-6.563527576048707
2686,1.111487880624643
2687,-0.39221077123352377
2688,3.0039744477455956
2689,-0.15209887342013073
2690,1.8074096895148346
2691,4.109581704996672
2692,-6.568461651511614
2693,1.221340522927115
2694,1.114408096213803
2695,0.401906557540021
2696,-3.0999775220850405
2697,-0.24488386099886528
2698,-4.332803984513217
2699,1.56401751525625
2700,2.5342300357384606
2701,-2.067954432490216
2702,-2.2223284333889706
2703,-6.760723806573763
2704,2.038194136065973
2705,1.4820212278942555
2706,3.030437398255006
2707,-4.287221693538357
2708,0.5344634019436636
2709,1.0450258351196775
2710,-7.231711105390692
2711,-3.8096993610995846
2712,4.3328122250317165
2713,-3.457303286202637
2714,1.9454070945223352
2715,3.1030258788225384
2716,-5.745891429229202
2717,0.8080756319027587
2718,3.5595423713236394
2719,1.5880488717397432
2720,3.9098819128177174
2721,-3.011313628574708
2722,-0.9270141288422555
2723,1.3759103188504103
2724,-7.3890775763630385
2725,-0.7861074669865882
2726,-0.29201655091099105
2727,-0.4590363647702045
2728,2.058693418153391
2729,-3.134021145661667
2730,-3.3567576471602054
2731,1.9725121727926964
2732,-1.219631694128359
2733,-4.842073522446289
2734,-0.803537724268676
2735,-1.3966808512515456
2736,-1.2319466408632775
2737,4.773243792235366
2738,-1.272153933017684
2739,2.184248147308218
2740,-0.25459682363070124
2741,-3.9832283776310513
2742,2.932410446225711
2743,-1.2217799171788557
2744,0.3138734260939978
2745,-0.8082960342632199
2746,-3.254683853087964
2747,3.642671102344063
2748,2.449401044518456
2749,-2.688480417705354
2750,6.583234998854367
2751,2.676501555543496
2752,-2.9005230651681666
2753,0.24087839047530607
2754,-0.9545214254601508
2755,-3.944116662455812
2756,-3.089175227594869
2757,1.4036906472052744
2758,-2.9149619459853713
2759,1.3184846459506068
2760,2.874003205257606
2761,2.1361244865788103
2762,0.10670759936752261
2763,3.975215306961025
2764,-0.33307847783380884
2765,-0.555738785268775
2766,-2.816978550885895
2767,0.394710489038835
2768,-4.606875093111431
2769,4.464396776489812
2770,3.1047483795049864
2771,3.664540476218869
2772,1.0009559279927696
2773,1.7154367845747864
2774,0.7398181630771608
2775,3.0254037396319986
2776,-5.099482796860327
2777,0.004577876408946885
2778,2.1116992976009175
2779,4.3107321994601815
2780,2.2972269984158027
2781,1.2899398149906738
2782,3.7152362576739053
2783,-0.36999634390964925
2784,1.1636316332004608
2785,1.0644073549142812
2786,5.200000668473922
2787,-7.564925311546074
2788,0.5846979517717169
2789,-3.399078874701265
2790,7.966399048744616
2791,2.480890891585467
2792,-2.6723556218967865
2793,-3.158287638889061
2794,0.5416376824789232
2795,6.413129496087099
2796,3.4012062217356505
2797,2.7332573130983078
2798,3.8501500361803873
2799,-1.1209425206180634
2800,-5.793287647594858
2801,2.4650765991720327
2802,2.701341679755031
2803,2.303698540937225
2804,-2.628946224431982
2805,0.3131270920997684
2806,1.0106766120701718
2807,-2.887847424186485
2808,1.2337409989089683
2809,-3.022362392666256
2810,-0.07067137374364685
2811,-1.2571732047969
2812,-3.8310279139965404
2813,6.089260860121507
2814,1.1062023914166577
2815,0.12344200766968846
2816,-3.7895771317502858
2817,-2.821555152371257
2818,-1.0582430606509414
2819,2.6744714058023353
2820,-1.4504973764488966
2821,1.2451101035287535
2822,1.3064580690579288
2823,-2.4108835309619936
2824,2.508939870784566
2825,3.506825219972807
2826,2.687570584802943
2827,-5.617826922347826
2828,2.226202686796228
2829,3.008192389185168
2830,2.5267546860693866
2831,5.3272907234100915
2832,-1.4790584524883301
2833,-1.2786108807979344
2834,-1.7410292509176932
2835,7.536727009957478
2836,-2.43611751608987
2837,-2.403132904205087
2838,1.4877998447135725
2839,2.4231706104903834
2840,0.5239121775823582
2841,-1.176528460531674
2842,1.4767714872610023
2843,-2.152972964548302
2844,1.7483700345884257
2845,-4.9256937582674265
2846,-2.3596497712385265
2847,4.305368463528222
2848,0.17631645130020482
2849,1.8409264038011495
2850,7.635155903940953
2851,-3.955910630686115
2852,-2.963901866922767
2853,-4.43531365713802
2854,4.203484569034975
2855,-2.693608480301434
2856,-4.689439037900834
2857,0.3480614092989985
2858,-3.6396512001162447
2859,1.7821095005872534
2860,1.3203466324740232
2861,-0.7719583919284857
2862,2.3687897548100643
2863,-1.5385297727510228
2864,4.264795544277787
2865,1.5385427358365902
2866,-3.364928400144464
2867,0.05368665617300528
2868,2.6028391377504603
2869,-4.783969986280638
2870,-3.899994771348608
2871,1.2327069715942685
2872,4.1075107631572765
2873,0.3471758729225598
2874,5.791196395886013
2875,2.9246489645073823
2876,1.6636029146203142
2877,0.6215573173059111
2878,-1.6367130362952926
2879,4.303812913036588
2880,-3.8227492030276116
2881,-2.0321520976883742
2882,2.1662455500897435
2883,0.14101992743177172
2884,-3.284013587645037
2885,5.235974031111251
2886,-3.693603016350805
2887,4.552572173597152
2888,-0.23368880463625286
2889,-3.7849581904832084
2890,-0.44167249263990016
2891,1.8487063647053992
2892,-0.9199032348353313
2893,-2.7187505994424983
2894,-0.5197715521581385
2895,-2.3391538746172875
2896,-2.012659443646649
2897,-2.153865547188314
2898,-3.125056311925437
2899,-0.45448068211350434
2900,3.5788935238889765
2901,2.155811212525965
2902,-1.276995889705934
2903,2.140363653064403
2904,-0.22085308058143296
2905,-2.286761010289512
2906,-2.509242116312772
2907,-3.761035987672981
2908,3.5153844960547143
2909,-1.2154345178555641
2910,1.3828975745748642
2911,1.076609194691255
2912,5.936147787125528
2913,0.14086605463778235
2914,-3.4777271155551124
2915,0.148878625999386
2916,-0.09488924355317874
2917,1.2054661688561077
2918,1.2118982571759305
2919,2.8812713477233465
2920,-0.5737269752579894
2921,1.0626052212872374
2922,2.010159990129794
2923,1.1690316502250544
2924,5.55113041434642
2925,-5.118264536329958
2926,1.709503817013479
2927,1.5630514135562987
2928,-1.9028280023710022
2929,0.04398943149700274
2930,-1.0028071263569882
2931,1.1882191196232497
2932,2.9352898829099416
2933,-2.2012914736933102
2934,1.43695900960702
2935,-1.6928686380183624
2936,-4.871352173594527
2937,0.10539506039463661
2938,4.899959214651718
2939,2.070421700741932
2940,3.4766937239363815
2941,0.6733640911970311
2942,-2.085933867472106
2943,5.786740710053715
2944,1.528639855984535
2945,-1.5373355516969114
2946,0.24674983131520709
2947,5.300405404416246
2948,-3.9319189451770287
2949,-0.8275266129389416
2950,-0.3030987795416662
2951,1.4802355992592255
2952,1.3815797072659257
2953,0.6592536819113846
2954,2.858912355220623
2955,-1.5593940520747895
2956,1.1474143088135524
2957,-0.022084687747196463
2958,-0.3620478954951201
2959,2.90505215905281
2960,-2.679894145017614
2961,0.24230322835423387
2962,-1.9405454815913503
2963,5.164433161545209
2964,6.780670432036579
2965,-1.463495506604773
2966,1.3527739606512255
2967,-0.7999722365629458
2968,-1.7879515913940258
2969,0.9404071266065084
2970,-4.045746323663546
2971,-0.42693370669979724
2972,-2.2753781828112145
2973,4.263046140032904
2974,-4.604020946008022
2975,0.42457677169563623
2976,-3.4162548527642156
2977,-3.0339592964745603
2978,0.5698699265333581
2979,-3.283032246548422
2980,2.5309538476798608
2981,-2.8103308083341974
2982,-1.2310066360382008
2983,4.723120510671666
2984,-1.2556726863964176
2985,0.3796141916002333
2986,1.4112843199434646
2987,-3.242558877485233
2988,-0.4269016557798526
2989,1.1504851154025093
2990,2.3181042605638136
2991,1.0708647624766003
2992,1.1442402140190118
2993,0.2636257599748518
2994,-3.5870074713567344
2995,-6.265097238943976
2996,2.200999994472468
2997,-6.427831397324736
2998,0.7971094239852503
2999,-0.001888218025320576
